filename,mean_veg_height,median_veg_height,vegetation_ratio (%),building_ratio (%),veg_quantiles,veg_variance
vhm_3326_421.tif,0.71013594,0.0,10.53645904320567,89.46354095679433,[4.30607903 6.38585639 8.80009174],10.641622
vhm_3213_144.tif,6.731572,6.9433174,65.49220259641292,34.50779740358708,[ 7.15141571 10.06890869 12.81563902],21.709066
vhm_3321_111.tif,1.3447231,0.0,13.173627782627673,86.82637221737232,[ 5.97388792  9.24809933 13.76237583],27.99321
vhm_3326_151.tif,0.58111966,0.0,8.153264276952434,91.84673572304757,[4.21357298 6.51771736 9.48486614],13.14421
vhm_3233_261.tif,10.772953,11.212799,90.01411166712906,9.985888332870942,[ 9.37280941 11.68584442 14.04734039],18.369394
vhm_3312_452.tif,2.3372936,0.0,16.32247512607333,83.67752487392667,[ 8.86218023 15.15309763 19.18977785],40.828724
vhm_4316_213.tif,1.8361453,0.0,22.052473763118442,77.94752623688156,[ 4.80476761  7.78287506 11.51209855],19.56393
vhm_3211_451.tif,10.439089,9.514824,86.43092886416508,13.569071135834918,[ 5.92159271 10.94190311 15.55955458],57.920277
vhm_2242_331.tif,3.7057333,0.0,36.96256470386364,63.03743529613636,[ 6.92101908  9.97985363 12.67826939],21.300684
vhm_3325_333.tif,0.8352757,0.0,10.50321403279403,89.49678596720597,[ 4.79456294  7.22194362 10.77770877],15.873904
vhm_4312_353.tif,0.37855157,0.0,6.311435191495161,93.68856480850484,[3.66806436 5.36955523 7.67488527],10.346013
vhm_3335_332.tif,4.1135216,0.0,37.088072455918635,62.911927544081365,[ 7.44209421 10.93378115 14.41305923],23.10175
vhm_3323_411.tif,0.49605814,0.0,5.991617827449911,94.00838217255009,[ 5.01370668  7.86187077 10.92339134],15.653126
vhm_3326_232.tif,1.1473594,0.0,15.498909636091046,84.50109036390896,[4.34092903 6.60686874 9.54833937],18.974016
vhm_3211_444.tif,9.022763,7.94695,73.4065283849972,26.593471615002798,[ 6.88536096 10.61201048 15.41935611],57.703136
vhm_3323_363.tif,0.5781274,0.0,6.417609377129617,93.58239062287038,[ 6.45712531  8.8479681  11.36380792],11.307326
vhm_3312_321.tif,0.9433634,0.0,11.877538503475535,88.12246149652447,[ 5.23151326  7.27494383 10.08408403],13.793878
vhm_4313_343.tif,0.5602346,0.0,8.725228294943438,91.27477170505657,[3.35071039 5.31255388 8.60353565],18.089626
vhm_2344_262.tif,0.69244194,0.0,9.86925968295473,90.13074031704527,[4.20881033 6.47348905 9.25982451],11.65631
vhm_2246_264.tif,0.045498725,0.0,1.1363636363636365,98.86363636363636,[3.72469234 3.72469234 4.15260267],0.14610265
vhm_3314_364.tif,4.2609563,0.0,31.90329835082459,68.09670164917542,[ 7.14843988 11.15103912 18.43816376],63.090363
vhm_2222_433.tif,8.895064,9.227322,84.23422907367862,15.76577092632138,[ 7.5087862  10.19663048 13.23537064],21.63938
vhm_3234_142.tif,2.8823571,0.0,38.75,61.25,[7.29663134 7.5882473  7.8987627 ],0.51769054
vhm_3312_241.tif,1.1364738,0.0,12.581436554450049,87.41856344554995,[ 5.74640906  8.2104435  12.00322437],18.475245
vhm_3212_154.tif,4.2743754,0.0,41.65051846610239,58.34948153389761,[ 5.9997592   9.71214437 13.39735436],30.79925
vhm_2326_262.tif,3.6385005,0.0,34.426877470355734,65.57312252964427,[ 5.37341452  8.84786081 14.08181763],48.006695
vhm_3214_111.tif,6.760392,6.5104494,62.16935797472091,37.83064202527909,[ 7.48707056 10.77003384 13.74677253],23.798304
vhm_4316_164.tif,7.9376945,7.692633,65.83094312344218,34.16905687655782,[ 7.929654   12.05183077 15.24813437],40.604088
vhm_3325_252.tif,1.2773765,0.0,16.909567943301077,83.09043205669892,[4.43764734 6.64813042 9.54936934],20.214188
vhm_3232_463.tif,0.517166,0.0,14.098837209302326,85.90116279069767,[2.39848566 3.34524488 4.45746827],3.66632
vhm_3232_313.tif,8.422059,8.772664,85.23348250118198,14.766517498818018,[ 6.8553369   9.71627617 12.67741299],16.957844
vhm_2322_452.tif,3.167439,0.0,32.23091512565197,67.76908487434804,[ 5.95723236  8.71551323 12.92842317],24.407612
vhm_3311_141.tif,2.4686325,0.0,22.508791059015948,77.49120894098405,[ 6.84164822 10.45245981 14.77626991],27.151958
vhm_4311_442.tif,0.7415838,0.0,10.913316069238107,89.0866839307619,[3.95847225 6.10644007 8.97106838],12.554109
vhm_3436_452.tif,1.711535,0.0,18.274088825840245,81.72591117415976,[ 4.81206083  7.31373692 11.18533993],49.57432
vhm_4311_132.tif,0.94042665,0.0,15.389431470973374,84.61056852902662,[3.49510121 5.41035032 8.02722621],11.50852
vhm_4331_161.tif,0.37180173,0.0,12.608225108225108,87.39177489177489,[2.5660131  3.12620616 3.50327539],0.6752085
vhm_3213_423.tif,2.6502771,0.0,33.48417274012836,66.51582725987164,[ 4.63213217  7.55962372 10.52756977],15.482991
vhm_3443_214.tif,5.03918,0.0,44.62634043414169,55.37365956585831,[ 7.23728037 11.50242519 14.65794134],30.616
vhm_4435_333.tif,0.7995271,0.0,11.280213334788304,88.7197866652117,[4.16405797 6.31266785 9.32023621],14.350303
vhm_3323_163.tif,1.0110959,0.0,11.613874880741447,88.38612511925855,[ 5.30107331  7.78443813 11.54200912],19.42929
vhm_3434_351.tif,2.884994,0.0,27.491133784373634,72.50886621562637,[ 6.19732773 10.0271678  13.84615827],30.031395
vhm_3445_331.tif,0.5442208,0.0,7.167516914011348,92.83248308598866,[4.66603041 6.73009348 9.32368565],17.858274
vhm_3324_453.tif,0.75846165,0.0,10.3279269456181,89.6720730543819,[ 3.74434328  6.48686552 10.43431401],17.789265
vhm_2244_161.tif,0.6730098,0.0,13.693181818181818,86.30681818181819,[3.64180452 4.54211068 6.02993011],3.1053715
vhm_3324_123.tif,0.57266575,0.0,7.841215755758485,92.15878424424152,[4.34556675 6.57921243 9.99232483],12.938382
vhm_3433_311.tif,1.1953851,0.0,16.772288302051503,83.2277116979485,[3.93683219 6.09340286 9.3652153 ],17.927187
vhm_4312_422.tif,0.17489757,0.0,3.7695243287447187,96.23047567125528,[2.36757582 3.97429752 5.96337843],9.521243
vhm_4312_344.tif,0.6194456,0.0,10.340943164781246,89.65905683521875,[3.35183334 5.48723984 8.27241659],10.767243
vhm_3216_163.tif,1.5815275,0.0,28.57142857142857,71.42857142857143,[4.83507788 5.73000002 6.93708909],3.8783731
vhm_2242_333.tif,11.302987,10.626785,79.0423446077645,20.957655392235495,[ 8.89435458 12.94442272 19.55180788],46.830635
vhm_3334_334.tif,1.4992766,0.0,22.118878357030017,77.88112164296999,[4.17957449 6.15710974 8.72400284],11.109904
vhm_3341_162.tif,0.97977406,0.0,12.841286702620252,87.15871329737975,[4.64619124 6.88932776 9.90544748],15.312186
vhm_3334_254.tif,1.3405585,0.0,14.99094350928801,85.00905649071198,[ 5.43366194  8.41687965 11.55987072],20.202648
vhm_3313_253.tif,3.7975142,0.0,34.217459452092136,65.78254054790787,[ 6.82236099 10.1533699  13.94005489],35.271805
vhm_2346_214.tif,3.3323388,0.0,33.86413738671312,66.13586261328689,[ 6.0622828   9.45767117 12.56658626],27.981249
vhm_4316_163.tif,6.017204,4.307731,59.54667624865253,40.45332375134747,[ 6.08914757  9.91415024 13.31986761],31.196182
vhm_3212_423.tif,7.5244584,5.515708,59.76200413483844,40.23799586516156,[ 7.06115448 11.62843418 17.06798983],47.21038
vhm_4315_261.tif,0.50569236,0.0,8.440847757939213,91.55915224206079,[3.38488483 5.17499208 8.24224281],11.727258
vhm_2444_413.tif,2.223585,0.0,35.47095895077499,64.52904104922501,[3.72018158 5.6866684  8.18574429],9.69495
vhm_2222_232.tif,5.5229797,2.6263907,52.78226211502701,47.21773788497299,[ 5.44878364  8.84061623 13.6672287 ],45.061844
vhm_3324_324.tif,0.96439874,0.0,12.22856753441461,87.77143246558539,[ 4.59165311  6.90230584 10.57616234],17.667706
vhm_4311_241.tif,0.60716563,0.0,8.687474444595884,91.31252555540412,[3.99731439 6.24968719 8.99032354],16.047407
vhm_3445_122.tif,1.8135731,0.0,21.86054124836316,78.13945875163684,[ 4.9396776   7.59241867 10.52358985],21.131908
vhm_3435_423.tif,1.6464325,0.0,17.462761894369272,82.53723810563073,[ 5.48015833  8.96459627 12.81281948],23.646667
vhm_3312_131.tif,0.5617215,0.0,8.033746180707114,91.96625381929289,[4.10467088 5.9426136  8.95920587],15.118121
vhm_3216_364.tif,4.170508,0.8515642,50.1822305079385,49.8177694920615,[ 5.46607614  8.07737446 10.55736732],15.765997
vhm_3241_312.tif,6.0188427,6.003684,69.3889206167904,30.6110793832096,[ 5.69477844  8.30318451 11.15501881],15.100302
vhm_4313_351.tif,5.7526546,0.0,43.81129889600654,56.18870110399346,[ 5.68687677 12.98348236 19.67101669],69.636894
vhm_3314_362.tif,2.3208554,0.0,24.446776611694155,75.55322338830584,[ 5.81301987  8.66025114 12.4732089 ],24.943583
vhm_2326_462.tif,4.908206,0.0,32.824944162989595,67.1750558370104,[ 6.2623769  10.58487892 21.04061604],136.58406
vhm_3311_233.tif,1.3317014,0.0,14.625187406296853,85.37481259370315,[ 5.21799743  7.99913263 12.55796719],22.605883
vhm_2246_262.tif,1.7940265,0.0,35.04081058260625,64.95918941739376,[2.68504083 4.18458509 6.94822955],8.523439
vhm_3311_421.tif,0.75664055,0.0,9.237290445686249,90.76270955431374,[ 5.6473496   8.00085497 10.34816337],11.6009445
vhm_3436_442.tif,0.3851418,0.0,6.563454823221301,93.4365451767787,[3.58406687 5.16829014 7.61573434],8.920181
vhm_3316_313.tif,1.4973004,0.0,18.93896061447949,81.0610393855205,[ 4.93420899  7.44732571 10.46365356],13.201023
vhm_3311_153.tif,3.8492367,0.0,36.28506201444732,63.71493798555268,[ 5.92507195  9.53657818 14.7041378 ],33.1697
vhm_3325_242.tif,0.26499888,0.0,5.625800735995639,94.37419926400436,[2.96590018 4.32778883 5.84421635],6.141159
vhm_3212_352.tif,8.820072,8.632456,72.25286303918149,27.74713696081851,[ 7.71007931 11.65471745 15.88194942],36.015697
vhm_4311_134.tif,0.8195308,0.0,13.177661169415291,86.82233883058471,[3.48855948 5.48773479 8.28076172],11.644922
vhm_3311_351.tif,1.0402681,0.0,11.317568488483031,88.68243151151697,[ 5.88750947  8.49252224 12.34267855],17.559973
vhm_3336_154.tif,1.1197876,0.0,9.318229820914436,90.68177017908556,[ 8.16618061 11.11758137 15.10018873],28.810114
vhm_4313_233.tif,1.934579,0.0,17.7933760392531,82.2066239607469,[ 4.62610424  8.30153418 14.87448549],66.36305
vhm_3321_464.tif,2.3572996,0.0,24.0888646585798,75.91113534142019,[ 6.11878252  9.01723003 12.59660625],22.61604
vhm_3445_323.tif,1.659789,0.0,19.87219009166303,80.12780990833697,[ 5.30835319  7.7825675  10.60356402],16.829273
vhm_4314_461.tif,3.3594651,0.0,39.60297172072216,60.39702827927784,[ 3.64514351  8.73907185 12.05922699],26.860903
vhm_4314_313.tif,4.59504,0.0,45.651696878833306,54.348303121166694,[ 4.42463446  9.08082008 13.61812019],48.960342
vhm_2322_252.tif,0.09475821,0.0,1.9121951219512194,98.08780487804879,[4.59686112 5.04416442 5.39580154],0.32564172
vhm_3441_263.tif,11.923985,12.931969,85.2741357458153,14.7258642541847,[10.13531351 14.0867281  17.45457172],34.33672
vhm_2346_363.tif,5.868053,4.28809,54.448514392150614,45.551485607849386,[ 7.18336368 10.11339664 13.71593261],25.786955
vhm_3211_332.tif,1.9290086,0.0,22.43876384617478,77.56123615382522,[ 4.19193769  7.05271769 11.31827164],34.06012
vhm_4312_342.tif,1.1182885,0.0,13.640929535232384,86.35907046476761,[ 2.96003973  5.35023642 10.23637104],54.40886
vhm_3316_264.tif,1.1029208,0.0,13.587365408204988,86.41263459179501,[ 5.06567383  7.34853268 10.45889759],16.059618
vhm_3313_453.tif,4.1348987,0.0,43.861591931307075,56.138408068692925,[ 5.86102867  8.94929123 12.50859642],20.282936
vhm_3434_342.tif,2.45197,0.0,18.725993016150152,81.27400698384984,[ 5.43450308  9.02171516 19.08768654],104.029175
vhm_4435_452.tif,0.6947064,0.0,10.070179506765605,89.92982049323439,[4.32107115 6.56876755 9.00040913],11.291079
vhm_2342_222.tif,1.2251644,0.0,11.330214632020482,88.66978536797951,[ 4.93502808  8.23960876 13.58317566],68.71
vhm_3311_224.tif,1.2848754,0.0,15.70260324383263,84.29739675616737,[ 5.14258373  7.20098257 10.54845262],18.437466
vhm_3334_252.tif,0.67736554,0.0,10.084300266928148,89.91569973307185,[4.0831176  6.06892347 8.65402699],11.934652
vhm_2444_411.tif,2.5621362,0.0,30.881450501312287,69.11854949868771,[ 5.11397266  7.71942282 11.00770569],16.313248
vhm_3326_141.tif,0.56638134,0.0,8.83167507155513,91.16832492844487,[4.13272953 6.02137184 8.30499101],8.526225
vhm_3335_243.tif,7.286849,0.0,49.55598510073932,50.44401489926068,[ 7.63577986 12.37917328 19.40371227],88.93717
vhm_4312_223.tif,0.6901093,0.0,10.92905819817364,89.07094180182636,[3.52611756 5.7831769  8.70339203],11.573584
vhm_4311_323.tif,0.75503,0.0,9.267479896415429,90.73252010358458,[4.63795567 7.01988697 9.96927547],25.615334
vhm_3326_442.tif,0.9293526,0.0,34.705882352941174,65.29411764705883,[1.81952128 2.19332314 3.12365896],1.6901127
vhm_3326_324.tif,0.23062193,0.0,5.011252813203301,94.9887471867967,[2.8023209  4.7162056  5.91609812],3.8351939
vhm_3433_211.tif,5.570107,2.5351534,52.14784458639361,47.85215541360639,[ 5.47553456  8.52379036 12.49548435],62.994633
vhm_3326_132.tif,0.7374969,0.0,10.662873108900095,89.3371268910999,[4.2010746  6.16845655 8.92875671],13.299854
vhm_3445_351.tif,2.2251518,0.0,19.92156809253601,80.078431907464,[ 5.58039618  8.67775249 14.96516776],56.38397
vhm_4314_163.tif,1.5984609,0.0,11.895597655717596,88.1044023442824,[ 4.95710242 11.3497653  20.24078417],100.30246
vhm_4315_364.tif,0.8505945,0.0,13.527128615786893,86.47287138421311,[3.34513974 5.84689093 8.68146873],12.201737
vhm_2326_412.tif,0.0,0.0,0.0,100.0,nan,nan
vhm_3324_341.tif,0.6144635,0.0,8.812525555404116,91.18747444459588,[4.23149109 6.37830019 9.18497896],11.651731
vhm_3332_112.tif,4.4803834,0.0,44.24116140981642,55.75883859018358,[ 6.59299457  9.87965107 13.24138355],19.978851
vhm_4314_413.tif,0.57534933,0.0,9.995434101131252,90.00456589886875,[3.47207284 5.11374187 7.31848097],10.226964
vhm_4311_224.tif,0.5353997,0.0,8.928172277497614,91.07182772250239,[3.33586991 5.47387505 8.29458809],10.341749
vhm_3234_242.tif,5.4332595,3.9787421,64.78510067386264,35.214899326137356,[ 4.19297218  8.24424553 11.73808479],20.94873
vhm_3323_314.tif,3.3247614,0.0,28.543887147335422,71.45611285266457,[ 6.71095371 10.45460701 15.42570591],40.90382
vhm_3333_314.tif,7.961419,7.846712,64.05181112773583,35.94818887226417,[ 8.41637564 12.08196354 15.67241979],31.921526
vhm_2244_114.tif,10.099439,9.954119,94.41616401101774,5.583835988982258,[ 7.55383086 10.24109888 13.12803841],23.278303
vhm_3324_354.tif,0.46223542,0.0,7.095474989777838,92.90452501022216,[4.05978775 5.86120701 8.24487209],10.771383
vhm_3325_153.tif,0.8861421,0.0,11.860433419653809,88.13956658034618,[4.88890886 7.02570653 9.65293288],11.231751
vhm_2342_244.tif,0.9971449,0.0,13.07409979844201,86.925900201558,[4.20778084 6.60077953 9.88205528],21.520168
vhm_3324_234.tif,1.1847488,0.0,15.090091317977375,84.90990868202263,[ 4.89665449  7.80730152 10.29711127],13.411621
vhm_3214_364.tif,2.2494893,0.0,17.71151169408199,82.28848830591801,[ 7.17891598 11.21915722 17.935606  ],46.33851
vhm_3323_262.tif,1.3502675,0.0,14.920471582390624,85.07952841760938,[ 5.96731687  8.72443867 11.85876226],17.51379
vhm_3311_334.tif,2.852198,0.0,33.937440370723735,66.06255962927627,[ 5.28394997  7.79028273 11.05111694],15.913393
vhm_3334_222.tif,0.4615635,0.0,7.900324127036009,92.09967587296399,[3.45433497 5.27763939 7.34175253],12.570161
vhm_3316_162.tif,2.9310856,0.0,32.58327654354641,67.41672345645358,[ 5.55183482  8.40775013 11.61007786],19.408636
vhm_2342_252.tif,1.3469274,0.0,16.217383014653812,83.78261698534618,[ 4.35718405  7.08744526 10.6856575 ],28.684116
vhm_3332_313.tif,5.528021,0.0,47.31750830745764,52.68249169254236,[ 6.16196585 10.23902607 15.28016496],51.35159
vhm_3435_121.tif,6.543431,4.3091526,57.88615779135748,42.11384220864252,[ 6.76413083 11.00822926 14.61279106],40.117485
vhm_2222_452.tif,6.999157,7.545556,63.28630532422944,36.71369467577056,[ 8.06302643 10.62806559 13.5207386 ],20.363045
vhm_2326_411.tif,0.004343281,0.0,0.08675950486295314,99.91324049513705,[4.57783461 5.09062672 5.82049751],2.261545
vhm_3445_434.tif,0.39774317,0.0,6.6254501309471845,93.37454986905281,[3.88660407 5.65025806 7.73938751],7.0754476
vhm_3334_342.tif,0.6411088,0.0,6.792784429444078,93.20721557055592,[ 4.71108305  7.95776892 13.77066445],31.08929
vhm_3324_342.tif,0.3972946,0.0,6.407182772250239,93.59281722774976,[4.23527813 5.92656374 7.83666968],6.396975
vhm_3214_212.tif,6.213612,5.681731,61.21550620336439,38.78449379663561,[ 6.76934993 10.02404642 13.10659981],20.684172
vhm_3325_421.tif,2.6441352,0.0,26.684156495950724,73.31584350404927,[ 7.17945504  9.75690269 11.9648757 ],18.882105
vhm_2443_232.tif,9.362017,8.012125,66.46116477591822,33.53883522408178,[ 8.07188177 13.65093565 19.19761372],56.03258
vhm_3435_322.tif,1.9627861,0.0,29.78448275862069,70.2155172413793,[3.41047651 4.86087799 8.71618772],20.31407
vhm_3313_152.tif,4.804208,0.0,45.116123756303665,54.883876243696335,[ 6.78541934 10.35499477 14.09300041],22.345406
vhm_4315_414.tif,0.6841465,0.0,11.703573568665904,88.2964264313341,[3.50102514 5.46289301 7.84431922],9.208576
vhm_3445_353.tif,2.1028552,0.0,18.466008293321693,81.53399170667831,[ 6.08740091 10.5018487  15.88362741],37.315784
vhm_3311_241.tif,1.1727029,0.0,13.900504293307892,86.09949570669211,[ 5.64471555  7.82825208 10.41989589],15.120997
vhm_4435_351.tif,0.51125795,0.0,8.395896988214753,91.60410301178524,[3.79917574 5.66433263 7.95336986],8.203734
vhm_3446_441.tif,2.4299679,0.0,28.760880696364566,71.23911930363543,[ 5.99667549  8.10577106 10.77308083],9.687229
vhm_2442_343.tif,4.091817,0.0,36.521585545501004,63.478414454498996,[ 5.32173181  8.99011612 14.49492979],67.11911
vhm_3311_453.tif,2.384787,0.0,25.33549134523647,74.66450865476352,[ 5.7809329   8.51605892 11.95195198],24.974781
vhm_2324_461.tif,1.2753422,0.0,14.848848303121168,85.15115169687883,[ 5.11356831  7.75927091 10.89907646],22.923363
vhm_3331_164.tif,1.4655254,0.0,14.61029852372392,85.38970147627609,[ 6.57357788  9.41048241 12.82989788],21.815565
vhm_3213_131.tif,9.264554,9.442713,76.5455324823776,23.454467517622405,[ 7.38755703 11.84294605 15.49419022],40.418213
vhm_4311_352.tif,0.768711,0.0,10.536390895461361,89.46360910453863,[4.56207061 6.82165384 9.64777851],12.113588
vhm_2242_234.tif,6.762384,5.5592647,62.390507615594196,37.609492384405804,[ 6.17599297  9.49486256 13.93703747],38.08909
vhm_4311_342.tif,0.67471486,0.0,11.069306255962928,88.93069374403707,[3.62152243 5.47322512 8.07264376],9.836609
vhm_3215_164.tif,9.513008,9.93281,73.660808955172,26.339191044828,[ 8.74268103 12.40568399 16.53801727],36.7167
vhm_3211_232.tif,1.7652423,0.0,24.41335764635441,75.58664235364559,[ 3.63632435  6.66574645 10.47285724],15.911406
vhm_4316_114.tif,9.048664,9.545827,73.95434101131254,26.045658988687464,[ 8.26179004 11.9882555  15.59208322],37.785683
vhm_3311_443.tif,1.6861157,0.0,21.37079187678888,78.62920812321113,[ 4.93707752  7.38850832 10.32932138],15.060294
vhm_2442_353.tif,4.2528014,3.8095598,60.772549019607844,39.227450980392156,[4.32370138 6.16535425 8.75939655],12.725738
vhm_3433_161.tif,0.7664296,0.0,10.203309144478395,89.7966908555216,[4.57579851 6.79714537 9.3013401 ],18.027674
vhm_2324_263.tif,8.656453,3.572012,52.28506201444733,47.71493798555267,[ 7.31780815 13.45867825 23.75821781],124.853905
vhm_4313_131.tif,0.3324093,0.0,5.664644950252146,94.33535504974785,[3.37996364 4.94661951 7.58709598],10.217237
vhm_3312_153.tif,0.9856076,0.0,12.106855663077551,87.89314433692245,[ 5.47539687  7.53843999 10.25425243],13.0628195
vhm_3325_342.tif,1.6854632,0.0,19.476085417007134,80.52391458299286,[ 4.8381896   7.76805234 11.36489844],24.042189
vhm_3334_151.tif,1.5124894,0.0,16.64419567467451,83.3558043253255,[ 4.14308977  6.53565025 12.11299157],45.156612
vhm_4331_264.tif,0.5589046,0.0,10.693982599189177,89.30601740081082,[3.14726806 4.63554788 6.96505451],7.667618
vhm_3334_144.tif,0.95281094,0.0,12.303412867026202,87.6965871329738,[ 4.533324    7.10669041 10.24542284],15.287359
vhm_3313_433.tif,1.4561014,0.0,16.22877197764754,83.77122802235246,[ 5.45636034  8.18783855 11.86168957],23.834013
vhm_4312_323.tif,0.47970906,0.0,13.095679433010767,86.90432056698923,[2.06114674 3.02702546 4.38150132],5.2206893
vhm_3232_214.tif,3.330664,2.3587384,53.90364951593604,46.09635048406396,[3.62607431 5.76457262 8.09870458],9.962295
vhm_2322_233.tif,1.226216,0.0,14.678683385579937,85.32131661442006,[ 5.42448306  7.62813616 10.4342165 ],16.163866
vhm_3216_313.tif,6.2486587,6.222426,67.57334660286519,32.426653397134814,[ 6.08658171  9.16399384 11.85693645],18.67819
vhm_3325_141.tif,2.15243,0.0,24.03679978192722,75.96320021807279,[ 5.40372038  7.80065227 12.1255126 ],21.291748
vhm_3443_461.tif,0.67017204,0.0,8.8055360396299,91.1944639603701,[ 4.04656744  6.61206293 10.20912051],21.850517
vhm_4312_121.tif,1.0880437,0.0,14.147342863378437,85.85265713662156,[ 4.26905811  7.00028777 10.58213305],17.853731
vhm_3312_344.tif,1.9696063,0.0,22.100040888646586,77.89995911135341,[ 5.84712446  8.46178913 11.2692616 ],18.04297
vhm_2444_263.tif,0.03503683,0.0,1.1284046692607004,98.8715953307393,[2.10767865 3.2337513  4.11038828],1.8542712
vhm_4314_164.tif,0.62383324,0.0,11.866975603107537,88.13302439689247,[2.44908166 3.86662257 6.52780223],20.328068
vhm_3213_444.tif,5.3522477,0.0,49.79471895716116,50.20528104283884,[ 5.6715548   9.19091892 14.40106201],44.489094
vhm_2342_322.tif,0.64620185,0.0,9.14725399872975,90.85274600127025,[3.89276731 6.46943617 9.21089292],16.063454
vhm_4311_141.tif,0.590297,0.0,8.145018399890963,91.85498160010904,[4.26262236 6.6667676  9.32580829],15.688595
vhm_3336_323.tif,2.4984853,0.0,15.706393054459353,84.29360694554065,[ 8.91037011 15.28551102 22.23593903],71.82873
vhm_4311_431.tif,0.46033034,0.0,7.121984462314297,92.8780155376857,[3.78332788 5.66577744 8.39143658],12.503452
vhm_3326_321.tif,0.78476685,0.0,10.657568597029348,89.34243140297065,[4.60234356 7.19630766 9.46224928],12.787122
vhm_3313_223.tif,3.9754395,0.0,42.01451546953796,57.98548453046204,[ 6.24629974  9.09667301 12.24438477],16.674406
vhm_3331_163.tif,1.6449956,0.0,19.57046358337419,80.42953641662581,[ 4.59548974  6.97955132 10.9323678 ],26.601187
vhm_3311_454.tif,2.1333034,0.0,27.2334060242606,72.7665939757394,[5.18429279 7.36971951 9.97299957],12.150885
vhm_3336_123.tif,5.0106287,0.0,39.2194275802255,60.7805724197745,[ 6.38308668 11.98949766 17.86587143],56.24592
vhm_3316_164.tif,2.8351078,0.0,29.757939212212076,70.24206078778792,[ 6.07252455  8.8269186  12.34591484],20.643064
vhm_4436_444.tif,0.69167805,0.0,8.948125818419904,91.0518741815801,[ 4.18785858  7.05887461 10.56813049],19.197037
vhm_3445_354.tif,0.5871713,0.0,7.997462898297687,92.00253710170232,[4.50279641 6.51489067 9.37889767],15.209716
vhm_3434_452.tif,3.048292,0.0,37.16216216216216,62.83783783783784,[7.35187864 8.29026413 9.34124136],4.439092
vhm_3213_254.tif,6.3604965,6.3628645,67.28695734906916,32.713042650930845,[ 6.25233555  9.51886272 12.13312626],17.954702
vhm_3315_312.tif,2.2138193,0.0,26.6304347826087,73.3695652173913,[ 5.00020123  7.83096647 11.30690289],17.36694
vhm_3435_443.tif,1.2297097,0.0,14.248349519860323,85.75165048013967,[ 3.97069335  6.45967388 10.84791183],43.808636
vhm_3435_331.tif,2.0965672,0.0,26.597555652553474,73.40244434744653,[4.79083061 7.19657087 9.94176269],19.53234
vhm_3313_343.tif,1.9301337,0.0,21.07284993866703,78.92715006133297,[ 5.30170918  7.96372747 11.4352994 ],34.670692
vhm_3212_244.tif,4.8091025,2.4881058,52.056100903319624,47.943899096680376,[ 5.19183969  8.60006809 12.50690055],24.56616
vhm_2324_261.tif,1.10556,0.0,13.711462450592885,86.28853754940711,[ 5.08986926  7.44777369 10.55719328],14.185414
vhm_4312_334.tif,0.6129465,0.0,9.799168597519422,90.20083140248057,[3.34282994 5.93702412 8.7855711 ],11.822709
vhm_3323_463.tif,0.73680776,0.0,9.403366498568898,90.5966335014311,[ 5.02441168  7.41708565 10.31161404],12.862796
vhm_3315_313.tif,4.4974937,0.0,35.29913656915618,64.70086343084381,[ 8.77057552 12.84586048 16.62661552],28.73453
vhm_3331_214.tif,2.052081,0.0,22.759505910551834,77.24049408944816,[ 6.05289316  8.44382095 11.4950819 ],15.953766
vhm_3213_453.tif,10.2330475,10.138082,94.58539954080753,5.414600459192471,[ 8.00667882 10.40029335 13.01862741],18.310808
vhm_3324_231.tif,1.056057,0.0,14.646108763799917,85.35389123620008,[3.96565604 6.37014961 9.40228081],17.964525
vhm_4316_314.tif,0.93182796,0.0,17.40514517622705,82.59485482377295,[2.59819937 4.65090084 7.64966345],10.830684
vhm_3446_453.tif,1.2878098,0.0,21.986918921868178,78.01308107813182,[3.05869222 4.76664543 7.6488452 ],13.169756
vhm_2222_253.tif,1.1615186,0.0,39.14529914529915,60.85470085470085,[2.32114744 2.59006572 3.25092483],1.0031476
vhm_3311_333.tif,1.94119,0.0,23.771977647539867,76.22802235246013,[ 5.0689044   7.76989126 10.86818123],14.744018
vhm_3321_162.tif,2.1569257,0.0,28.38469401662805,71.61530598337195,[4.84843445 7.16835737 9.64524078],16.099539
vhm_3326_334.tif,0.44351277,0.0,8.173113358789752,91.82688664121025,[2.97963077 4.74281001 7.29352772],10.440988
vhm_2242_222.tif,5.398531,3.1606076,56.19234743826825,43.80765256173175,[ 5.14879417  8.88025188 12.34489536],33.266365
vhm_3233_141.tif,8.053402,8.48783,81.20519136036377,18.79480863963623,[ 7.1182704   9.57565022 12.30845451],15.38554
vhm_3326_113.tif,1.5986043,0.0,18.05002044432329,81.9499795556767,[ 5.87323177  8.08762312 11.25406146],16.293417
vhm_3233_343.tif,5.1311965,5.269882,69.44353860947365,30.55646139052635,[4.9989109  7.08626723 9.46019459],10.579499
vhm_4316_331.tif,6.6763153,2.3224406,59.342237971923126,40.657762028076874,[ 4.07091725 10.11542988 17.14467525],64.80726
vhm_3215_221.tif,4.6856556,0.0,43.19554763786383,56.80445236213617,[ 5.39784443  9.18437386 15.2307713 ],45.560734
vhm_3434_462.tif,4.0657086,0.0,40.29776844172851,59.70223155827149,[ 5.33152235  9.74519014 13.98855782],33.48837
vhm_4314_142.tif,1.0630622,0.0,14.735246013356958,85.26475398664304,[ 2.8076179   5.45262671 10.08833313],31.851542
vhm_4315_423.tif,0.77188915,0.0,9.446464563926568,90.55353543607343,[ 3.54220951  5.79745817 10.30620289],44.126724
vhm_3446_264.tif,1.8658588,0.0,26.292487860611253,73.70751213938874,[4.67621613 6.8734622  9.37633753],9.706552
vhm_2346_324.tif,0.63350004,0.0,9.861130011158588,90.1388699888414,[3.78600836 5.51772594 8.08430052],13.14851
vhm_3214_224.tif,8.696005,9.537586,78.53142095092943,21.46857904907057,[ 7.95870495 11.06810951 13.96437049],20.534338
vhm_4311_211.tif,0.672803,0.0,8.811654299432563,91.18834570056744,[4.63479257 7.29815221 9.94826055],14.644609
vhm_3216_123.tif,10.194636,11.213315,85.77690255367806,14.223097446321944,[ 9.6460762  11.88314152 14.12534714],14.711874
vhm_3324_162.tif,0.46805388,0.0,6.134319204034346,93.86568079596566,[ 4.41843867  6.5963788  10.08415127],17.349485
vhm_3334_162.tif,0.3129741,0.0,5.39937081222422,94.60062918777578,[3.5511446  5.17913532 7.34968996],8.641511
vhm_2244_322.tif,4.23155,0.0,46.5522606764657,53.4477393235343,[ 4.91837847  7.97808743 11.50282764],34.206135
vhm_3316_223.tif,1.6707097,0.0,20.135136976966063,79.86486302303393,[ 5.07427812  7.44687033 10.664814  ],18.366274
vhm_3323_453.tif,0.83805245,0.0,10.914610876379992,89.08538912362,[ 4.5806427   6.96156645 10.11040401],14.972299
vhm_3214_231.tif,3.6277664,0.0,43.85881830626364,56.14118169373636,[ 3.99052167  6.46400023 10.38140726],37.545227
vhm_4312_112.tif,0.9263766,0.0,12.224328895678743,87.77567110432126,[4.16025484 6.66967678 9.61198664],25.289024
vhm_3324_413.tif,2.8605268,0.0,24.136568079596564,75.86343192040343,[ 6.48132849 10.20450115 14.34332561],58.38478
vhm_2326_432.tif,0.5418605,0.0,6.634939914974961,93.36506008502504,[ 5.15357399  7.53933334 10.69903564],16.130594
vhm_3341_123.tif,0.48971164,0.0,7.380427085035682,92.61957291496432,[4.03953373 6.06415129 8.52850914],11.098364
vhm_3331_422.tif,3.585985,0.0,33.45631094405404,66.54368905594596,[ 6.94382787 10.7474184  14.18372607],21.517265
vhm_2344_432.tif,4.1041627,0.0,45.225799422563604,54.774200577436396,[ 4.7570529   8.22376251 12.04275584],31.828136
vhm_4436_313.tif,0.5878147,0.0,8.622735704932344,91.37726429506766,[3.36907405 5.50434875 8.87843204],23.898537
vhm_3326_112.tif,3.8856246,0.0,22.126345917950115,77.87365408204988,[ 9.92342114 17.06801414 24.47962618],85.48765
vhm_3316_343.tif,1.2031665,0.0,15.072588113526175,84.92741188647382,[ 5.15458775  7.61666322 10.31892681],12.277034
vhm_3233_154.tif,1.2899518,0.0,24.444444444444443,75.55555555555556,[5.05774832 5.26443338 5.50308228],0.19689582
vhm_3333_243.tif,2.0879643,0.0,18.61446400593515,81.38553599406485,[ 5.35500336  8.47888565 14.60592842],68.34085
vhm_3315_241.tif,3.5175736,0.0,42.75528145018399,57.24471854981601,[ 5.21933699  7.90495348 10.85679817],14.1281595
vhm_3213_111.tif,7.0851173,7.433982,72.28760524064653,27.712394759353472,[ 6.76103783  9.37637901 12.07824707],20.685791
vhm_3215_424.tif,1.0977339,0.0,18.707107843137255,81.29289215686275,[3.17504144 5.09728527 8.48228264],8.968167
vhm_3215_342.tif,7.6671767,5.688708,58.30938024598308,41.69061975401692,[ 7.66123867 11.57351494 16.70337105],55.803024
vhm_4311_164.tif,1.1197112,0.0,16.193607741583754,83.80639225841625,[3.88887    5.95391083 8.96508789],16.592045
vhm_3341_121.tif,0.4917726,0.0,6.348191425614207,93.6518085743858,[ 4.15301228  6.74092817 10.10058022],22.017979
vhm_3316_143.tif,1.7442653,0.0,21.099904593157966,78.90009540684204,[ 5.10800421  7.74089599 10.8221283 ],15.54681
vhm_3322_454.tif,0.9450037,0.0,12.889668801962657,87.11033119803734,[4.49881268 6.80165291 9.61150694],12.712764
vhm_3233_234.tif,14.383255,12.684117,96.15023474178403,3.8497652582159674,[10.0274744  12.92729521 19.81532907],45.976585
vhm_2244_123.tif,10.081088,10.04028,83.2630249296916,16.736975070308404,[ 8.30842471 11.13367653 15.15431118],31.524784
vhm_4313_114.tif,0.70565456,0.0,10.691018127299987,89.30898187270002,[4.05499744 6.20622325 8.82771111],9.316429
vhm_3315_334.tif,3.4703348,0.0,35.99185596775072,64.00814403224928,[ 5.7494204   8.83778048 12.5942049 ],26.24455
vhm_3232_224.tif,5.285073,4.803114,64.80413256397175,35.19586743602825,[ 5.11715174  8.10479927 10.75548124],14.65311
vhm_3323_444.tif,0.9263719,0.0,11.099359411203489,88.9006405887965,[ 5.54197693  7.75502634 10.66283369],14.452039
vhm_3333_444.tif,2.8315332,0.0,34.450482104919104,65.5495178950809,[ 4.99075031  7.62453127 10.79125786],16.804176
vhm_3322_333.tif,0.8006054,0.0,11.39450729180864,88.60549270819136,[4.28337812 6.53095675 9.20358133],11.652773
vhm_3215_223.tif,9.4126425,9.238256,73.21433935061424,26.78566064938576,[ 7.99390054 12.00066853 17.28442955],40.906406
vhm_3213_312.tif,8.55506,9.461047,79.5126741265129,20.487325873487094,[ 7.9786911  10.77958393 13.40721488],17.01531
vhm_3314_251.tif,0.98756677,0.0,11.297873790377539,88.70212620962246,[ 5.38537502  8.06898975 11.46507549],17.457905
vhm_3336_111.tif,4.1111035,0.0,45.39623849212834,54.60376150787166,[ 5.97907615  8.85077858 11.84331322],14.871101
vhm_3313_211.tif,4.461302,0.0,45.0147880605152,54.9852119394848,[ 6.50503993 10.0360508  13.13106203],17.66755
vhm_3316_354.tif,1.770227,0.0,22.23041619000926,77.76958380999073,[ 5.01239204  7.5595336  10.56309891],13.525801
vhm_4316_131.tif,1.610962,0.0,20.993185225569032,79.00681477443096,[ 3.34784043  6.0189209  10.85142779],30.004253
vhm_3325_213.tif,0.2101602,0.0,3.2016491754122938,96.7983508245877,[4.36534929 6.09967995 8.32055092],8.240696
vhm_3323_242.tif,0.838182,0.0,10.280427967834264,89.71957203216573,[ 4.96463394  7.42614698 10.81224632],16.368359
vhm_2444_121.tif,0.92927605,0.0,9.63093696079228,90.36906303920772,[ 6.69593334  9.29903221 11.4504118 ],21.9632
vhm_2324_444.tif,2.4296079,0.0,26.813820362545997,73.186179637454,[ 4.54137945  7.21636224 12.2409327 ],35.476555
vhm_3314_241.tif,1.4783629,0.0,15.126073326972877,84.87392667302713,[ 5.72509682  8.86950016 12.65200806],28.832973
vhm_3215_421.tif,0.60151047,0.0,10.852006961818775,89.14799303818123,[3.4342773  4.83716631 7.19124937],7.320801
vhm_3234_113.tif,9.889642,10.885448,88.43730263988886,11.562697360111144,[ 8.9388628  11.44445419 13.59653759],14.616703
vhm_3443_253.tif,1.779373,0.0,19.396756329113924,80.60324367088607,[ 4.70761824  7.64965105 11.46746445],43.339108
vhm_2224_221.tif,9.695601,9.401362,76.63401918011475,23.36598081988525,[ 8.39799786 11.03242397 14.97607517],40.544304
vhm_4315_343.tif,0.33100557,0.0,5.101782996927848,94.89821700307215,[3.90832561 5.58510947 7.88781166],15.471003
vhm_3323_124.tif,0.6588277,0.0,8.221684612239336,91.77831538776067,[ 5.15115309  7.21715021 10.23464775],14.077927
vhm_3216_333.tif,3.486077,0.0,44.01649235720032,55.98350764279968,[ 5.13692093  7.90746832 10.43829727],13.317541
vhm_3334_414.tif,0.5958826,0.0,9.388925205643623,90.61107479435637,[3.727768   5.3252449  7.84510887],15.488711
vhm_3216_441.tif,7.2560215,7.047423,69.43530403567932,30.564695964320677,[ 6.53093708 10.43838978 14.04350162],23.508135
vhm_3333_454.tif,1.1680137,0.0,13.916761998147845,86.08323800185215,[ 5.33558643  7.71492338 10.61265421],17.542118
vhm_2346_322.tif,1.0133382,0.0,17.779917263152164,82.22008273684784,[3.10833704 4.6516943  7.44936109],11.365704
vhm_3332_121.tif,2.7468486,0.0,28.84158631584682,71.15841368415317,[ 5.481089    8.28666115 12.26922846],31.019773
vhm_2446_434.tif,0.8623514,0.0,11.578254583151462,88.42174541684854,[4.42234612 6.63392162 9.76849556],14.685243
vhm_3433_424.tif,6.7643995,0.0,44.57393216971761,55.42606783028239,[ 9.0669136  13.61780453 19.10064507],79.242294
vhm_3334_164.tif,0.33363625,0.0,6.099580541482813,93.90041945851719,[3.46129793 5.00937796 7.03245389],6.5201707
vhm_3216_124.tif,2.6368513,0.0,22.151898734177212,77.84810126582279,[ 8.80425262 11.6513958  14.41409445],25.833696
vhm_3326_262.tif,0.53092283,0.0,7.311094452773613,92.68890554722638,[4.43759608 6.76378393 9.46613169],13.867542
vhm_3323_333.tif,0.25368896,0.0,4.7295897505792555,95.27041024942075,[2.95896643 4.78094959 7.25548363],7.7690945
vhm_3435_312.tif,1.7236363,0.0,18.889063182016585,81.11093681798341,[ 5.02783108  7.88528824 12.31338787],27.794634
vhm_3445_161.tif,1.1728709,0.0,12.119775752946312,87.88022424705369,[ 4.77099848  7.84165859 13.20600319],40.017654
vhm_3321_222.tif,1.4635496,0.0,15.73064436927106,84.26935563072894,[ 6.2526226  8.9222784 11.8263092],17.64845
vhm_2441_461.tif,6.8725886,0.0,42.73382666915408,57.26617333084592,[ 8.8708353  15.86204672 22.82564163],70.99049
vhm_2444_242.tif,10.345694,10.410143,65.80529983224712,34.194700167752885,[10.69161248 15.72728157 19.77400255],52.621895
vhm_3323_131.tif,0.5267233,0.0,6.720934987051928,93.27906501294807,[ 4.97058535  7.06911898 10.2112112 ],15.198572
vhm_3233_224.tif,9.119345,9.633707,89.90701516563585,10.092984834364145,[ 7.44316244 10.2147541  12.77007151],14.173279
vhm_4314_151.tif,4.0285435,0.0,31.062968515742128,68.93703148425787,[ 3.98043203  9.6332202  21.01426792],104.97275
vhm_2326_434.tif,2.2044106,0.0,21.79121043743531,78.20878956256469,[ 5.43578959  9.26946449 13.67225647],37.37053
vhm_2444_444.tif,2.558287,0.0,30.35118606375093,69.64881393624907,[ 4.39312267  7.91056681 11.85132122],19.509747
vhm_3233_344.tif,9.3777895,10.400425,79.17144130905008,20.82855869094992,[ 8.63007641 11.98009872 14.7412014 ],29.038134
vhm_3232_343.tif,1.2964034,0.0,13.925729442970821,86.07427055702918,[ 4.21508646 11.13725758 13.49091244],20.388575
vhm_3215_152.tif,7.1748953,8.235186,71.66688563609227,28.333114363907725,[ 7.61201048 10.09101391 12.26250458],13.302024
vhm_3333_251.tif,0.9940736,0.0,14.11409816418805,85.88590183581195,[4.32931209 6.16246891 8.93043685],14.096209
vhm_3436_364.tif,0.39818448,0.0,6.317315037101702,93.68268496289829,[3.93709993 5.74973297 8.21478081],8.910209
vhm_3332_254.tif,1.8625705,0.0,19.92693522906793,80.07306477093206,[ 5.73793411  8.58518314 12.1852026 ],21.408535
vhm_3316_151.tif,1.4571289,0.0,15.087706146926536,84.91229385307346,[ 5.88941288  8.52750301 11.89207363],28.434927
vhm_2344_422.tif,0.5871477,0.0,9.316337092117449,90.68366290788255,[3.73362947 5.78818297 8.51154804],9.9489355
vhm_3324_211.tif,0.56460226,0.0,8.478942347008314,91.52105765299169,[4.14052308 6.11994982 8.52388   ],10.823205
vhm_4315_354.tif,0.73332417,0.0,11.208326523941821,88.79167347605818,[3.78174949 5.69926643 8.30366039],15.524846
vhm_2342_261.tif,1.6920788,0.0,17.521653865010624,82.47834613498938,[ 4.80886781  7.60535121 12.15186357],45.72472
vhm_2222_461.tif,6.0649385,3.896662,56.81100869976233,43.18899130023767,[ 6.47082663 10.68187714 14.29875231],27.903667
vhm_4436_263.tif,0.1494973,0.0,3.9197235640154955,96.0802764359845,[2.4933213  3.47383976 4.81434107],3.3202953
vhm_4314_423.tif,2.7329233,0.0,38.347280905002044,61.652719094997956,[3.19240147 5.49005294 9.36705017],28.163918
vhm_4311_214.tif,0.82059246,0.0,12.629139975466813,87.37086002453319,[3.33012682 5.97810054 8.94637227],16.641937
vhm_3232_223.tif,3.4398448,2.291958,57.221051343413464,42.778948656586536,[3.29496646 5.59706306 8.12510586],11.452723
vhm_3315_441.tif,8.22885,6.4725413,64.42058887617802,35.579411123821984,[ 6.93841028 11.38217449 16.75272465],57.902073
vhm_3323_443.tif,0.98783284,0.0,12.34237426741175,87.65762573258826,[ 4.87898064  7.2293694  10.65643597],14.933069
vhm_3323_331.tif,0.5757885,0.0,7.787038299032302,92.2129617009677,[4.46843863 6.48182106 9.87380505],14.002046
vhm_2244_441.tif,2.9780219,0.0,39.81909203841319,60.18090796158681,[4.5628475  6.96841049 9.73271155],14.919642
vhm_4312_314.tif,0.5934766,0.0,13.189587024669484,86.81041297533052,[2.08371639 3.57574069 6.05454397],10.129691
vhm_3433_341.tif,1.9668739,0.0,24.33496562636403,75.66503437363596,[ 4.77842426  7.30652189 10.54382229],19.460209
vhm_2446_422.tif,1.031887,0.0,15.825171868179835,84.17482813182016,[3.77856684 5.65861464 8.32662106],12.327347
vhm_3325_413.tif,0.86423254,0.0,9.727147682083128,90.27285231791687,[ 5.29756355  7.94134903 11.22309017],24.100273
vhm_3322_123.tif,0.4301829,0.0,8.004497751124438,91.99550224887557,[3.20499325 4.89510155 6.97465324],6.5494146
vhm_3445_162.tif,1.0619003,0.0,13.745976102138805,86.2540238978612,[ 4.72520018  6.96624041 10.00337887],16.072865
vhm_3232_222.tif,4.512906,2.2200177,50.81393571339235,49.18606428660765,[ 6.05894136  8.66696548 11.28000426],15.32631
vhm_4314_344.tif,5.642917,1.8939754,53.84455414196074,46.15544585803926,[ 5.32937765 10.05988789 14.51760387],41.093983
vhm_3315_332.tif,5.09049,0.0,44.4661305710781,55.5338694289219,[ 6.80158365 11.05158663 14.77449369],35.942318
vhm_3332_453.tif,0.51038903,0.0,8.461486081603747,91.53851391839625,[3.67651218 5.31864977 7.88232946],9.2677555
vhm_3331_433.tif,3.1063168,0.0,32.678542245464946,67.32145775453506,[ 6.09181464  9.07790232 12.28571939],19.445368
vhm_3321_341.tif,0.24942508,0.0,3.3733814910726454,96.62661850892735,[5.14858675 6.99283648 9.43417931],8.002175
vhm_3331_143.tif,1.1355789,0.0,16.897709320695103,83.1022906793049,[4.08608627 6.09709263 8.64911366],11.89222
vhm_4312_261.tif,0.37503114,0.0,6.736063786288674,93.26393621371133,[3.1284008  4.89669943 7.31761837],11.895282
vhm_3341_324.tif,5.1694045,0.0,27.70707359590347,72.29292640409653,[ 8.83468199 16.71815491 27.71878052],128.1545
vhm_4311_413.tif,0.73854446,0.0,11.96149652446504,88.03850347553495,[3.61175537 5.60780668 8.22816229],10.254607
vhm_2444_144.tif,2.72947,0.0,31.684192925089178,68.31580707491082,[ 4.33206558  7.65777731 12.38340187],24.33895
vhm_2226_433.tif,9.035197,9.529808,80.86227292505167,19.13772707494833,[ 7.75079346 10.962924   14.21588707],23.328314
vhm_3233_122.tif,5.1030526,3.9387302,57.74688160457503,42.25311839542497,[ 5.78944027  8.90131855 11.69826913],15.06611
vhm_2444_434.tif,1.4797881,0.0,18.653426451331296,81.3465735486687,[ 3.30888033  6.5303731  10.36301422],36.12538
vhm_2444_352.tif,6.467033,4.877822,60.40852793539939,39.59147206460061,[ 6.04754996  9.57628679 14.30165195],37.536625
vhm_3331_454.tif,4.752862,0.0,39.85060195020973,60.14939804979027,[ 7.42635047 10.54777765 14.81096101],40.046955
vhm_3341_141.tif,8.532648,9.833954,70.40597592199161,29.59402407800839,[ 9.33013749 12.01501465 14.57764649],20.936794
vhm_4316_352.tif,1.2511586,0.0,15.223348041619001,84.776651958381,[ 3.25351417  5.74127054 10.37870598],49.930485
vhm_3323_141.tif,0.50441784,0.0,7.569169960474308,92.43083003952569,[4.31414664 5.80638838 8.68503833],9.49822
vhm_4435_463.tif,1.3907602,0.0,16.146742688782194,83.8532573112178,[ 5.07160556  8.14901066 11.58441377],19.157465
vhm_3215_242.tif,0.61779755,0.0,16.68395932766134,83.31604067233866,[2.52037895 3.33518207 4.61743534],2.2507722
vhm_2326_322.tif,0.46255922,0.0,4.14334347839729,95.85665652160272,[ 5.28293133 10.68996143 15.90495014],40.220276
vhm_3445_313.tif,0.86153185,0.0,11.357622217372326,88.64237778262768,[4.78584611 7.21064806 9.89136887],13.028747
vhm_4315_332.tif,1.0231128,0.0,13.201853618645224,86.79814638135477,[4.51110494 6.81621027 9.99127817],19.88979
vhm_3213_213.tif,7.7882376,8.521877,76.11056853129415,23.88943146870585,[ 7.15868092 10.37096882 13.12324047],20.754814
vhm_3313_112.tif,0.7831388,0.0,10.182635954749898,89.8173640452501,[5.07368803 7.30753803 9.99953079],12.165603
vhm_3332_144.tif,7.575467,5.349297,57.74214196219426,42.25785803780574,[ 7.68986797 12.13557005 17.51671267],48.612503
vhm_4314_323.tif,5.9130707,1.2788244,51.242128935532236,48.757871064467764,[ 4.41338944  9.57590389 16.08073807],74.19602
vhm_3232_251.tif,5.4276915,5.128934,58.591591428260635,41.408408571739365,[ 6.69861674  9.19874334 11.7779479 ],13.657353
vhm_3436_262.tif,4.213447,0.0,37.92319129201222,62.07680870798778,[ 6.16951561  9.97762012 14.25895977],44.193405
vhm_3216_154.tif,5.0736275,2.241023,50.523223643524396,49.476776356475604,[ 7.25689125 10.03877592 12.48512506],16.432186
vhm_3231_351.tif,7.0115137,7.602299,65.48680488416227,34.51319511583773,[ 7.79058802 10.48140478 13.15270877],21.157442
vhm_3234_214.tif,10.052507,10.597762,92.13122929505218,7.868770704947821,[ 8.19340324 11.04171467 13.50178528],14.965443
vhm_3231_423.tif,6.268979,6.529167,73.79235706821913,26.207642931780867,[ 5.61845446  8.41719913 11.00166988],14.761402
vhm_3336_213.tif,2.5192358,0.0,32.5531437964658,67.4468562035342,[4.62463152 7.01073933 9.85294485],17.924917
vhm_3435_363.tif,3.1002946,0.0,24.498717808817112,75.5012821911829,[ 5.73640954  9.32497883 18.17468357],83.3071
vhm_3214_252.tif,8.308957,8.446126,73.18346351686036,26.816536483139643,[ 7.26729393 11.05268908 14.35398674],31.221485
vhm_2344_243.tif,0.44766152,0.0,8.510445606580594,91.48955439341941,[3.26717091 4.58227539 6.74272776],7.046274
vhm_3213_212.tif,4.5143814,2.99291,54.541271733441874,45.458728266558126,[ 5.34957838  8.15529728 10.91122818],14.440846
vhm_4332_122.tif,4.3288884,1.4010801,52.996048157338485,47.003951842661515,[ 4.02979445  7.69946909 11.99027348],23.217005
vhm_3322_353.tif,0.49142858,0.0,7.425037481259371,92.57496251874063,[4.23722172 6.11895418 8.63899565],8.854798
vhm_4436_364.tif,0.48291147,0.0,9.112560017459623,90.88743998254037,[2.73767662 4.74051118 7.16562629],10.585858
vhm_3321_333.tif,2.4005241,0.0,24.968652037617556,75.03134796238244,[ 5.94044542  9.18416166 12.65517879],20.475454
vhm_2326_243.tif,7.057847,3.8896065,54.84244241515606,45.15755758484394,[ 6.95753014 11.46983624 17.84548092],54.66816
vhm_3332_233.tif,0.9180829,0.0,11.37890917889483,88.62109082110517,[ 5.33333647  7.91833758 10.38457179],12.571475
vhm_3233_123.tif,11.13993,11.863413,91.45712337657004,8.542876623429962,[ 9.59414744 12.30255079 14.68837643],16.337753
vhm_2226_432.tif,11.259211,10.789368,70.74153895274586,29.258461047254144,[ 9.74623609 15.02580452 21.88938951],65.46309
vhm_3211_263.tif,0.83041334,0.0,12.435429877799853,87.56457012220015,[3.65112746 5.50262809 8.29348254],19.68705
vhm_3333_234.tif,1.3615425,0.0,16.605790706542464,83.39420929345754,[ 4.91189194  7.28586531 10.4428432 ],20.226696
vhm_3212_361.tif,5.7721705,2.8632922,50.744110453059065,49.255889546940935,[ 8.81848407 11.54213095 13.96657038],15.164821
vhm_3431_341.tif,0.92539465,0.0,16.01470427760803,83.98529572239197,[3.35687631 5.16376972 7.56628847],9.130487
vhm_2342_364.tif,1.2711083,0.0,17.65396034210383,82.34603965789617,[4.21421719 6.51616716 9.76699829],13.263662
vhm_2444_423.tif,8.739876,5.775195,67.67084553718925,32.32915446281075,[ 5.53327179 11.91189051 18.85911512],66.11517
vhm_2326_241.tif,7.029832,2.8370605,52.62586888373995,47.37413111626005,[ 6.25404799 11.14037704 19.67624092],73.51424
vhm_4311_113.tif,0.60898674,0.0,9.07278179092272,90.92721820907728,[3.8377474  6.0405643  8.90373421],13.221437
vhm_3233_323.tif,6.871064,7.021719,83.0757313465904,16.924268653409598,[ 5.80115485  7.82305384 10.13768148],13.614883
vhm_3341_142.tif,3.433319,0.0,33.5,66.5,[ 7.09723544 10.18128395 13.26384926],18.176634
vhm_3323_142.tif,0.33842498,0.0,4.826700286220526,95.17329971377947,[4.85183215 6.59231472 8.74839163],8.360522
vhm_4315_443.tif,0.7328476,0.0,10.146197635779266,89.85380236422074,[4.54882693 6.76360893 9.59634066],12.110569
vhm_2244_154.tif,3.9108942,0.0,42.94013345154216,57.05986654845784,[ 4.55773556  8.04542923 12.04593277],32.65959
vhm_4313_412.tif,0.8649552,0.0,13.429807823361047,86.57019217663895,[3.23323083 5.9585762  9.2557354 ],13.857913
vhm_3214_244.tif,11.883285,9.663374,65.52302652503022,34.47697347496978,[10.171947   20.94979095 24.16592216],66.816536
vhm_3314_151.tif,3.5717742,0.0,32.059561128526646,67.94043887147336,[ 6.85954654 10.0697298  14.12822437],33.174305
vhm_3316_242.tif,2.1829972,0.0,24.191767752487394,75.8082322475126,[ 5.8517189   8.28242445 11.62715816],16.964544
vhm_3231_352.tif,7.2250013,8.040595,71.34306590423381,28.65693409576619,[ 7.45406306 10.05511713 12.77558255],15.941971
vhm_2244_424.tif,9.836538,9.22212,76.87076050676525,23.12923949323475,[ 7.54681826 11.70726585 16.99521255],49.23039
vhm_4312_364.tif,0.69617033,0.0,9.88871473354232,90.11128526645768,[3.65512705 5.9006381  9.45811844],19.273312
vhm_3216_354.tif,5.8511167,0.0,39.4402226600369,60.5597773399631,[ 7.60461402 14.01896858 21.87272549],64.7411
vhm_4314_123.tif,0.4991748,0.0,9.83610467493526,90.16389532506474,[2.91012573 4.41321087 6.6902442 ],7.937771
vhm_4435_313.tif,6.5614195,0.0,37.85778590135312,62.14221409864688,[ 7.79169297 15.06366587 25.64993477],122.06443
vhm_3341_143.tif,7.705246,8.255095,66.34875180343637,33.65124819656363,[ 8.31343079 11.61850166 14.75247526],22.39568
vhm_2224_252.tif,7.604662,8.12265,75.71984118350919,24.28015881649081,[ 6.95953846  9.87395477 12.68647909],19.176188
vhm_4315_244.tif,0.5675114,0.0,10.21248466675753,89.78751533324247,[2.46525931 4.34865808 7.33574653],17.155188
vhm_3311_411.tif,3.0725844,0.0,33.85000681477443,66.14999318522557,[ 5.58922839  8.48395729 12.03645325],19.017218
vhm_2444_422.tif,5.2003613,3.4586365,57.13095996413995,42.86904003586005,[ 5.2268095   8.49470615 12.37125158],22.967861
vhm_3316_323.tif,2.7934837,0.0,29.044233807266984,70.95576619273302,[ 6.13393366  8.99811125 12.62221003],20.264845
vhm_3212_412.tif,5.100437,3.186886,53.99131412898498,46.00868587101502,[ 5.99278235  9.09113359 11.83531952],23.576042
vhm_3331_132.tif,5.353744,0.0,47.1203083292477,52.8796916707523,[ 6.4007225  10.34787083 14.85872102],42.7272
vhm_3335_264.tif,1.3133155,0.0,16.073946057752497,83.9260539422475,[ 4.33073151  6.73776555 10.51774693],26.58895
vhm_4314_241.tif,0.8570161,0.0,15.428444868474852,84.57155513152514,[3.11161494 5.09184742 7.41586256],9.570626
vhm_3214_443.tif,1.0170838,0.0,25.0,75.0,[3.37447029 4.31569242 4.93100739],1.1436808
vhm_3431_152.tif,1.7085522,0.0,20.958083832335326,79.04191616766468,[ 5.80392694  8.2392168  10.21062946],10.318753
vhm_3331_122.tif,6.0197678,0.0,47.021912621888106,52.978087378111894,[ 7.26681662 11.11096287 15.92675972],62.218174
vhm_3332_234.tif,0.7585103,0.0,10.592409821561736,89.40759017843827,[4.35951519 6.21132517 9.06223965],15.84567
vhm_3446_361.tif,0.8501382,0.0,20.565776661712704,79.4342233382873,[2.7133528  3.67135823 5.25446391],3.0611696
vhm_2344_442.tif,1.2178288,0.0,17.917892357138964,82.08210764286103,[3.94914293 5.92800617 8.46905041],14.950694
vhm_4315_452.tif,0.18639739,0.0,4.512447567685351,95.48755243231464,[2.44979191 3.67531443 5.33315623],5.3237586
vhm_3314_424.tif,1.9221897,0.0,20.978329017309527,79.02167098269047,[ 5.50836301  8.26664495 12.14295554],25.150856
vhm_3311_213.tif,1.4526049,0.0,16.11339784653128,83.88660215346871,[ 5.54503739  7.81399322 11.21967626],24.002495
vhm_3332_354.tif,0.7683655,0.0,11.080241869586533,88.91975813041347,[4.52613378 6.70097828 8.94891763],9.10137
vhm_3312_461.tif,2.7344863,0.0,22.466198718822408,77.53380128117759,[ 7.74594307 11.94009972 15.75032425],31.957005
vhm_3324_463.tif,0.57636005,0.0,7.875698514379175,92.12430148562082,[4.54967105 7.01512194 9.7276001 ],12.115124
vhm_3333_423.tif,2.6867042,0.0,33.48668083020102,66.51331916979899,[ 4.8467257   7.45127988 10.66637468],15.644619
vhm_4312_361.tif,0.71044296,0.0,10.930693744037072,89.06930625596293,[3.58223104 5.62345266 8.54460716],14.174124
vhm_3434_162.tif,9.548408,10.285428,78.50467289719626,21.495327102803742,[ 7.83745921 12.38402081 16.98997164],36.153046
vhm_3314_431.tif,0.83244914,0.0,11.079528417609378,88.92047158239062,[4.71141148 6.74387884 9.55354977],13.701415
vhm_2344_331.tif,0.8364199,0.0,12.058479054311706,87.9415209456883,[4.23948181 6.69767213 9.10677028],11.365287
vhm_3243_154.tif,0.078455985,0.0,2.4216524216524213,97.57834757834758,[2.79832387 3.42561197 3.62082028],0.2580913
vhm_4315_241.tif,1.0848291,0.0,15.955499522965791,84.0445004770342,[3.53685653 5.88610125 9.41621685],18.19492
vhm_3436_311.tif,0.4979987,0.0,6.373240397206461,93.62675960279354,[ 4.83976102  7.57440805 10.30734444],13.176604
vhm_2344_133.tif,1.4208674,0.0,19.202075502533095,80.79792449746691,[4.30208242 6.67907882 9.75895882],16.22501
vhm_2346_234.tif,1.0160723,0.0,20.234036880945222,79.76596311905477,[3.06846076 4.19526005 5.92877352],8.987532
vhm_4314_244.tif,0.7651728,0.0,14.541706419517514,85.45829358048249,[2.47765779 4.16426897 6.66262913],18.166162
vhm_3313_261.tif,3.2416208,0.0,33.81559220389805,66.18440779610195,[ 5.94637442  8.93405485 12.61713982],21.199223
vhm_3335_263.tif,0.4781449,0.0,7.6605748033639065,92.3394251966361,[3.89537406 5.59047937 7.83547497],10.707171
vhm_3445_262.tif,0.6609165,0.0,9.112584989396822,90.88741501060318,[4.80144989 7.17073202 9.36223674],10.10459
vhm_4315_243.tif,0.70924634,0.0,11.584298759711054,88.41570124028894,[3.48629689 5.64613914 7.84776127],11.762469
vhm_3214_134.tif,0.49675068,0.0,4.075235109717868,95.92476489028213,[11.04999542 12.22687149 13.13053846],1.9687825
vhm_4313_212.tif,1.2269601,0.0,17.865748943709963,82.13425105629004,[3.54179168 5.7715044  8.88180161],20.298367
vhm_3213_362.tif,2.6029668,0.0,38.1443688027231,61.8556311972769,[3.97677422 6.08501863 8.70737267],15.75616
vhm_3211_111.tif,7.1524863,8.222434,63.61120188816267,36.38879811183733,[ 8.68841839 11.35296154 13.70040512],14.106239
vhm_4313_414.tif,5.115054,0.0,48.492523017098414,51.507476982901586,[ 6.24005032  9.90468884 13.66766167],36.06966
vhm_4316_223.tif,5.0281777,0.0,38.57564399618373,61.42435600381627,[ 5.78583312 11.11035824 19.70388412],74.492805
vhm_3315_344.tif,5.0563445,0.0,43.915195838099905,56.084804161900095,[ 6.27483273 10.1546669  15.17490864],46.03945
vhm_4312_411.tif,1.760196,0.0,19.75487256371814,80.24512743628186,[ 4.68002701  8.08833694 12.59666014],26.820196
vhm_2244_422.tif,9.617483,8.203896,70.79445974717737,29.20554025282263,[ 7.56810343 11.47468042 18.23111629],63.822468
vhm_3312_112.tif,0.68355715,0.0,9.478939327804452,90.52106067219555,[4.49045563 6.40730262 9.26107478],13.566575
vhm_3316_244.tif,1.396024,0.0,17.146994684475946,82.85300531552406,[ 5.4995532   7.55885649 10.32841206],12.580412
vhm_3216_144.tif,7.9202547,9.2314625,69.78984590178024,30.21015409821976,[ 8.87226772 11.19317341 13.87229776],15.408396
vhm_4312_362.tif,0.68046296,0.0,11.452909908682022,88.54709009131798,[3.25278091 4.96337652 7.90469468],13.652361
vhm_3214_243.tif,18.291468,18.129284,96.20999940408795,3.7900005959120477,[13.52311945 18.55014515 24.07090855],52.346268
vhm_3314_142.tif,2.6738684,0.0,28.55622188905547,71.44377811094452,[ 6.10903406  8.77478266 11.81781483],19.056385
vhm_2242_314.tif,5.484891,4.7678924,64.18386740331492,35.81613259668508,[ 5.11792052  7.95696878 11.01940084],21.663664
vhm_3216_352.tif,4.4410377,0.0,48.54995115244057,51.45004884755943,[ 5.59536648  8.84307098 11.89881134],22.24347
vhm_3434_363.tif,0.5672268,0.0,7.955791684853776,92.04420831514622,[4.04030943 6.25624466 9.59074259],15.654763
vhm_3322_222.tif,1.1879202,0.0,13.579018441728502,86.42098155827149,[ 5.25840569  7.85840511 11.6197319 ],20.7948
vhm_3335_262.tif,0.68275887,0.0,10.560446887842582,89.43955311215741,[4.00506401 5.78294706 8.09043694],10.876489
vhm_3212_414.tif,7.123327,6.8134165,65.26265679382097,34.737343206179034,[ 7.00672054  9.46692848 12.62913322],41.127186
vhm_3331_134.tif,12.657075,12.511954,76.77037917822697,23.229620821773025,[10.78970194 15.14232445 21.20042944],62.147297
vhm_3431_144.tif,3.3429127,0.0,36.630183491970925,63.369816508029075,[ 5.335464    8.21945572 11.43936634],27.311863
vhm_2444_154.tif,4.78189,0.0,41.951454059362725,58.048545940637275,[ 7.19374275 10.8320837  14.79513359],32.214077
vhm_3214_323.tif,4.2014275,2.8027017,55.30920265419341,44.69079734580659,[4.34014654 6.84482956 9.9389534 ],17.928762
vhm_3441_451.tif,5.243143,0.0,44.27883566128328,55.72116433871672,[ 6.14475489 10.39903545 15.0735774 ],61.6958
vhm_3315_231.tif,3.624096,0.0,33.78971812368261,66.2102818763174,[ 6.50492966  9.57150984 13.44689131],34.43484
vhm_4314_253.tif,1.2272564,0.0,17.132683658170915,82.86731634182908,[3.58878922 6.38964462 9.98664951],19.35248
