3313/maxar_3313_221_s2.tif,3313/vhm_3313_221_s2.tif
3313/maxar_3313_222_s9.tif,3313/vhm_3313_222_s9.tif
3313/maxar_3313_241_s5.tif,3313/vhm_3313_241_s5.tif
3313/maxar_3313_421_s9.tif,3313/vhm_3313_421_s9.tif
3313/maxar_3313_324_s2.tif,3313/vhm_3313_324_s2.tif
3313/maxar_3313_441_s10.tif,3313/vhm_3313_441_s10.tif
3313/maxar_3313_263_s12.tif,3313/vhm_3313_263_s12.tif
3313/maxar_3313_414_s16.tif,3313/vhm_3313_414_s16.tif
3313/maxar_3313_114_s12.tif,3313/vhm_3313_114_s12.tif
3313/maxar_3313_331_s6.tif,3313/vhm_3313_331_s6.tif
3313/maxar_3313_114_s2.tif,3313/vhm_3313_114_s2.tif
3313/maxar_3313_151_s14.tif,3313/vhm_3313_151_s14.tif
3313/maxar_3313_122_s15.tif,3313/vhm_3313_122_s15.tif
3313/maxar_3313_223_s12.tif,3313/vhm_3313_223_s12.tif
3313/maxar_3313_461_s9.tif,3313/vhm_3313_461_s9.tif
3313/maxar_3313_414_s9.tif,3313/vhm_3313_414_s9.tif
3313/maxar_3313_364_s2.tif,3313/vhm_3313_364_s2.tif
3313/maxar_3313_162_s10.tif,3313/vhm_3313_162_s10.tif
3313/maxar_3313_461_s4.tif,3313/vhm_3313_461_s4.tif
3313/maxar_3313_442_s4.tif,3313/vhm_3313_442_s4.tif
3313/maxar_3313_243_s10.tif,3313/vhm_3313_243_s10.tif
3313/maxar_3313_462_s4.tif,3313/vhm_3313_462_s4.tif
3313/maxar_3313_354_s10.tif,3313/vhm_3313_354_s10.tif
3313/maxar_3313_451_s6.tif,3313/vhm_3313_451_s6.tif
3313/maxar_3313_462_s5.tif,3313/vhm_3313_462_s5.tif
3313/maxar_3313_411_s4.tif,3313/vhm_3313_411_s4.tif
3313/maxar_3313_143_s16.tif,3313/vhm_3313_143_s16.tif
3313/maxar_3313_111_s11.tif,3313/vhm_3313_111_s11.tif
3313/maxar_3313_234_s13.tif,3313/vhm_3313_234_s13.tif
3313/maxar_3313_154_s2.tif,3313/vhm_3313_154_s2.tif
3313/maxar_3313_363_s10.tif,3313/vhm_3313_363_s10.tif
3313/maxar_3313_361_s2.tif,3313/vhm_3313_361_s2.tif
3313/maxar_3313_411_s14.tif,3313/vhm_3313_411_s14.tif
3313/maxar_3313_432_s2.tif,3313/vhm_3313_432_s2.tif
3313/maxar_3313_313_s6.tif,3313/vhm_3313_313_s6.tif
3313/maxar_3313_162_s15.tif,3313/vhm_3313_162_s15.tif
3313/maxar_3313_353_s12.tif,3313/vhm_3313_353_s12.tif
3313/maxar_3313_334_s1.tif,3313/vhm_3313_334_s1.tif
3313/maxar_3313_351_s7.tif,3313/vhm_3313_351_s7.tif
3313/maxar_3313_362_s7.tif,3313/vhm_3313_362_s7.tif
3313/maxar_3313_124_s3.tif,3313/vhm_3313_124_s3.tif
3313/maxar_3313_434_s6.tif,3313/vhm_3313_434_s6.tif
3313/maxar_3313_121_s15.tif,3313/vhm_3313_121_s15.tif
3313/maxar_3313_141_s12.tif,3313/vhm_3313_141_s12.tif
3313/maxar_3313_242_s3.tif,3313/vhm_3313_242_s3.tif
3313/maxar_3313_422_s5.tif,3313/vhm_3313_422_s5.tif
3313/maxar_3313_461_s15.tif,3313/vhm_3313_461_s15.tif
3313/maxar_3313_161_s11.tif,3313/vhm_3313_161_s11.tif
3313/maxar_3313_333_s5.tif,3313/vhm_3313_333_s5.tif
3313/maxar_3313_354_s6.tif,3313/vhm_3313_354_s6.tif
3313/maxar_3313_132_s14.tif,3313/vhm_3313_132_s14.tif
3313/maxar_3313_351_s4.tif,3313/vhm_3313_351_s4.tif
3313/maxar_3313_341_s11.tif,3313/vhm_3313_341_s11.tif
3313/maxar_3313_442_s3.tif,3313/vhm_3313_442_s3.tif
3313/maxar_3313_212_s14.tif,3313/vhm_3313_212_s14.tif
3313/maxar_3313_421_s4.tif,3313/vhm_3313_421_s4.tif
3313/maxar_3313_414_s3.tif,3313/vhm_3313_414_s3.tif
3313/maxar_3313_224_s14.tif,3313/vhm_3313_224_s14.tif
3313/maxar_3313_242_s1.tif,3313/vhm_3313_242_s1.tif
3313/maxar_3313_254_s6.tif,3313/vhm_3313_254_s6.tif
3313/maxar_3313_422_s8.tif,3313/vhm_3313_422_s8.tif
3313/maxar_3313_421_s13.tif,3313/vhm_3313_421_s13.tif
3313/maxar_3313_461_s2.tif,3313/vhm_3313_461_s2.tif
3313/maxar_3313_251_s16.tif,3313/vhm_3313_251_s16.tif
3313/maxar_3313_262_s15.tif,3313/vhm_3313_262_s15.tif
3313/maxar_3313_414_s5.tif,3313/vhm_3313_414_s5.tif
3313/maxar_3313_334_s10.tif,3313/vhm_3313_334_s10.tif
3313/maxar_3313_224_s4.tif,3313/vhm_3313_224_s4.tif
3313/maxar_3313_331_s2.tif,3313/vhm_3313_331_s2.tif
3313/maxar_3313_343_s9.tif,3313/vhm_3313_343_s9.tif
3313/maxar_3313_444_s12.tif,3313/vhm_3313_444_s12.tif
3313/maxar_3313_413_s6.tif,3313/vhm_3313_413_s6.tif
3313/maxar_3313_364_s3.tif,3313/vhm_3313_364_s3.tif
3313/maxar_3313_464_s11.tif,3313/vhm_3313_464_s11.tif
3313/maxar_3313_332_s16.tif,3313/vhm_3313_332_s16.tif
3313/maxar_3313_453_s14.tif,3313/vhm_3313_453_s14.tif
3313/maxar_3313_134_s6.tif,3313/vhm_3313_134_s6.tif
3313/maxar_3313_334_s6.tif,3313/vhm_3313_334_s6.tif
3313/maxar_3313_311_s6.tif,3313/vhm_3313_311_s6.tif
3313/maxar_3313_112_s16.tif,3313/vhm_3313_112_s16.tif
3313/maxar_3313_431_s10.tif,3313/vhm_3313_431_s10.tif
3313/maxar_3313_214_s16.tif,3313/vhm_3313_214_s16.tif
3313/maxar_3313_244_s10.tif,3313/vhm_3313_244_s10.tif
3313/maxar_3313_222_s7.tif,3313/vhm_3313_222_s7.tif
3313/maxar_3313_423_s6.tif,3313/vhm_3313_423_s6.tif
3313/maxar_3313_344_s15.tif,3313/vhm_3313_344_s15.tif
3313/maxar_3313_423_s7.tif,3313/vhm_3313_423_s7.tif
3313/maxar_3313_254_s3.tif,3313/vhm_3313_254_s3.tif
3313/maxar_3313_153_s10.tif,3313/vhm_3313_153_s10.tif
3313/maxar_3313_412_s5.tif,3313/vhm_3313_412_s5.tif
3313/maxar_3313_412_s10.tif,3313/vhm_3313_412_s10.tif
3313/maxar_3313_143_s11.tif,3313/vhm_3313_143_s11.tif
3313/maxar_3313_442_s11.tif,3313/vhm_3313_442_s11.tif
3313/maxar_3313_351_s1.tif,3313/vhm_3313_351_s1.tif
3313/maxar_3313_234_s7.tif,3313/vhm_3313_234_s7.tif
3313/maxar_3313_214_s15.tif,3313/vhm_3313_214_s15.tif
3313/maxar_3313_162_s11.tif,3313/vhm_3313_162_s11.tif
3313/maxar_3313_241_s11.tif,3313/vhm_3313_241_s11.tif
3313/maxar_3313_113_s4.tif,3313/vhm_3313_113_s4.tif
3313/maxar_3313_352_s6.tif,3313/vhm_3313_352_s6.tif
3313/maxar_3313_253_s3.tif,3313/vhm_3313_253_s3.tif
3313/maxar_3313_424_s15.tif,3313/vhm_3313_424_s15.tif
3313/maxar_3313_164_s4.tif,3313/vhm_3313_164_s4.tif
3313/maxar_3313_132_s8.tif,3313/vhm_3313_132_s8.tif
3313/maxar_3313_221_s3.tif,3313/vhm_3313_221_s3.tif
3313/maxar_3313_244_s11.tif,3313/vhm_3313_244_s11.tif
3313/maxar_3313_362_s11.tif,3313/vhm_3313_362_s11.tif
3313/maxar_3313_144_s14.tif,3313/vhm_3313_144_s14.tif
3313/maxar_3313_443_s4.tif,3313/vhm_3313_443_s4.tif
3313/maxar_3313_231_s9.tif,3313/vhm_3313_231_s9.tif
3313/maxar_3313_114_s11.tif,3313/vhm_3313_114_s11.tif
3313/maxar_3313_121_s12.tif,3313/vhm_3313_121_s12.tif
3313/maxar_3313_212_s12.tif,3313/vhm_3313_212_s12.tif
3313/maxar_3313_124_s9.tif,3313/vhm_3313_124_s9.tif
3313/maxar_3313_134_s2.tif,3313/vhm_3313_134_s2.tif
3313/maxar_3313_211_s6.tif,3313/vhm_3313_211_s6.tif
3313/maxar_3313_151_s16.tif,3313/vhm_3313_151_s16.tif
3313/maxar_3313_434_s12.tif,3313/vhm_3313_434_s12.tif
3313/maxar_3313_342_s15.tif,3313/vhm_3313_342_s15.tif
3313/maxar_3313_213_s4.tif,3313/vhm_3313_213_s4.tif
3313/maxar_3313_342_s4.tif,3313/vhm_3313_342_s4.tif
3313/maxar_3313_131_s11.tif,3313/vhm_3313_131_s11.tif
3313/maxar_3313_453_s6.tif,3313/vhm_3313_453_s6.tif
3313/maxar_3313_452_s11.tif,3313/vhm_3313_452_s11.tif
3313/maxar_3313_454_s3.tif,3313/vhm_3313_454_s3.tif
3313/maxar_3313_234_s4.tif,3313/vhm_3313_234_s4.tif
3313/maxar_3313_321_s13.tif,3313/vhm_3313_321_s13.tif
3313/maxar_3313_114_s9.tif,3313/vhm_3313_114_s9.tif
3313/maxar_3313_351_s11.tif,3313/vhm_3313_351_s11.tif
3313/maxar_3313_343_s3.tif,3313/vhm_3313_343_s3.tif
3313/maxar_3313_363_s2.tif,3313/vhm_3313_363_s2.tif
3313/maxar_3313_113_s2.tif,3313/vhm_3313_113_s2.tif
3313/maxar_3313_451_s16.tif,3313/vhm_3313_451_s16.tif
3313/maxar_3313_244_s1.tif,3313/vhm_3313_244_s1.tif
3313/maxar_3313_463_s8.tif,3313/vhm_3313_463_s8.tif
3313/maxar_3313_421_s15.tif,3313/vhm_3313_421_s15.tif
3313/maxar_3313_152_s4.tif,3313/vhm_3313_152_s4.tif
3313/maxar_3313_141_s1.tif,3313/vhm_3313_141_s1.tif
3313/maxar_3313_212_s15.tif,3313/vhm_3313_212_s15.tif
3313/maxar_3313_361_s5.tif,3313/vhm_3313_361_s5.tif
3313/maxar_3313_342_s9.tif,3313/vhm_3313_342_s9.tif
3313/maxar_3313_351_s10.tif,3313/vhm_3313_351_s10.tif
3313/maxar_3313_324_s10.tif,3313/vhm_3313_324_s10.tif
3313/maxar_3313_231_s6.tif,3313/vhm_3313_231_s6.tif
3313/maxar_3313_222_s13.tif,3313/vhm_3313_222_s13.tif
3313/maxar_3313_363_s11.tif,3313/vhm_3313_363_s11.tif
3313/maxar_3313_342_s16.tif,3313/vhm_3313_342_s16.tif
3313/maxar_3313_252_s14.tif,3313/vhm_3313_252_s14.tif
3313/maxar_3313_451_s12.tif,3313/vhm_3313_451_s12.tif
3313/maxar_3313_142_s6.tif,3313/vhm_3313_142_s6.tif
3313/maxar_3313_352_s3.tif,3313/vhm_3313_352_s3.tif
3313/maxar_3313_261_s6.tif,3313/vhm_3313_261_s6.tif
3313/maxar_3313_221_s15.tif,3313/vhm_3313_221_s15.tif
3313/maxar_3313_213_s12.tif,3313/vhm_3313_213_s12.tif
3313/maxar_3313_261_s9.tif,3313/vhm_3313_261_s9.tif
3313/maxar_3313_343_s6.tif,3313/vhm_3313_343_s6.tif
3313/maxar_3313_313_s15.tif,3313/vhm_3313_313_s15.tif
3313/maxar_3313_341_s8.tif,3313/vhm_3313_341_s8.tif
3313/maxar_3313_131_s4.tif,3313/vhm_3313_131_s4.tif
3313/maxar_3313_431_s7.tif,3313/vhm_3313_431_s7.tif
3313/maxar_3313_363_s12.tif,3313/vhm_3313_363_s12.tif
3313/maxar_3313_352_s13.tif,3313/vhm_3313_352_s13.tif
3313/maxar_3313_221_s5.tif,3313/vhm_3313_221_s5.tif
3313/maxar_3313_463_s12.tif,3313/vhm_3313_463_s12.tif
3313/maxar_3313_313_s11.tif,3313/vhm_3313_313_s11.tif
3313/maxar_3313_113_s10.tif,3313/vhm_3313_113_s10.tif
3313/maxar_3313_453_s8.tif,3313/vhm_3313_453_s8.tif
3313/maxar_3313_313_s3.tif,3313/vhm_3313_313_s3.tif
3313/maxar_3313_162_s9.tif,3313/vhm_3313_162_s9.tif
3313/maxar_3313_224_s6.tif,3313/vhm_3313_224_s6.tif
3313/maxar_3313_421_s12.tif,3313/vhm_3313_421_s12.tif
3313/maxar_3313_141_s14.tif,3313/vhm_3313_141_s14.tif
3313/maxar_3313_252_s12.tif,3313/vhm_3313_252_s12.tif
3313/maxar_3313_221_s11.tif,3313/vhm_3313_221_s11.tif
3313/maxar_3313_122_s9.tif,3313/vhm_3313_122_s9.tif
3313/maxar_3313_342_s1.tif,3313/vhm_3313_342_s1.tif
3313/maxar_3313_334_s2.tif,3313/vhm_3313_334_s2.tif
3313/maxar_3313_341_s12.tif,3313/vhm_3313_341_s12.tif
3313/maxar_3313_431_s13.tif,3313/vhm_3313_431_s13.tif
3313/maxar_3313_233_s9.tif,3313/vhm_3313_233_s9.tif
3313/maxar_3313_324_s11.tif,3313/vhm_3313_324_s11.tif
3313/maxar_3313_411_s12.tif,3313/vhm_3313_411_s12.tif
3313/maxar_3313_113_s8.tif,3313/vhm_3313_113_s8.tif
3313/maxar_3313_252_s16.tif,3313/vhm_3313_252_s16.tif
3313/maxar_3313_143_s10.tif,3313/vhm_3313_143_s10.tif
3313/maxar_3313_232_s6.tif,3313/vhm_3313_232_s6.tif
3313/maxar_3313_343_s16.tif,3313/vhm_3313_343_s16.tif
3313/maxar_3313_244_s2.tif,3313/vhm_3313_244_s2.tif
3313/maxar_3313_462_s6.tif,3313/vhm_3313_462_s6.tif
3313/maxar_3313_344_s5.tif,3313/vhm_3313_344_s5.tif
3313/maxar_3313_314_s10.tif,3313/vhm_3313_314_s10.tif
3313/maxar_3313_153_s16.tif,3313/vhm_3313_153_s16.tif
3313/maxar_3313_463_s4.tif,3313/vhm_3313_463_s4.tif
3313/maxar_3313_224_s9.tif,3313/vhm_3313_224_s9.tif
3313/maxar_3313_453_s1.tif,3313/vhm_3313_453_s1.tif
3313/maxar_3313_361_s13.tif,3313/vhm_3313_361_s13.tif
3313/maxar_3313_144_s13.tif,3313/vhm_3313_144_s13.tif
3313/maxar_3313_434_s13.tif,3313/vhm_3313_434_s13.tif
3313/maxar_3313_324_s15.tif,3313/vhm_3313_324_s15.tif
3313/maxar_3313_361_s6.tif,3313/vhm_3313_361_s6.tif
3313/maxar_3313_322_s8.tif,3313/vhm_3313_322_s8.tif
3313/maxar_3313_134_s10.tif,3313/vhm_3313_134_s10.tif
3313/maxar_3313_132_s4.tif,3313/vhm_3313_132_s4.tif
3313/maxar_3313_441_s9.tif,3313/vhm_3313_441_s9.tif
3313/maxar_3313_354_s4.tif,3313/vhm_3313_354_s4.tif
3313/maxar_3313_462_s13.tif,3313/vhm_3313_462_s13.tif
3313/maxar_3313_222_s12.tif,3313/vhm_3313_222_s12.tif
3313/maxar_3313_112_s11.tif,3313/vhm_3313_112_s11.tif
3313/maxar_3313_413_s11.tif,3313/vhm_3313_413_s11.tif
3313/maxar_3313_253_s7.tif,3313/vhm_3313_253_s7.tif
3313/maxar_3313_232_s9.tif,3313/vhm_3313_232_s9.tif
3313/maxar_3313_123_s10.tif,3313/vhm_3313_123_s10.tif
3313/maxar_3313_442_s6.tif,3313/vhm_3313_442_s6.tif
3313/maxar_3313_461_s12.tif,3313/vhm_3313_461_s12.tif
3313/maxar_3313_322_s3.tif,3313/vhm_3313_322_s3.tif
3313/maxar_3313_323_s8.tif,3313/vhm_3313_323_s8.tif
3313/maxar_3313_132_s13.tif,3313/vhm_3313_132_s13.tif
3313/maxar_3313_254_s10.tif,3313/vhm_3313_254_s10.tif
3313/maxar_3313_233_s14.tif,3313/vhm_3313_233_s14.tif
3313/maxar_3313_244_s12.tif,3313/vhm_3313_244_s12.tif
3313/maxar_3313_121_s7.tif,3313/vhm_3313_121_s7.tif
3313/maxar_3313_114_s3.tif,3313/vhm_3313_114_s3.tif
3313/maxar_3313_161_s4.tif,3313/vhm_3313_161_s4.tif
3313/maxar_3313_144_s2.tif,3313/vhm_3313_144_s2.tif
3313/maxar_3313_253_s14.tif,3313/vhm_3313_253_s14.tif
3313/maxar_3313_122_s5.tif,3313/vhm_3313_122_s5.tif
3313/maxar_3313_251_s11.tif,3313/vhm_3313_251_s11.tif
3313/maxar_3313_122_s16.tif,3313/vhm_3313_122_s16.tif
3313/maxar_3313_422_s16.tif,3313/vhm_3313_422_s16.tif
3313/maxar_3313_412_s6.tif,3313/vhm_3313_412_s6.tif
3313/maxar_3313_243_s3.tif,3313/vhm_3313_243_s3.tif
3313/maxar_3313_463_s6.tif,3313/vhm_3313_463_s6.tif
3313/maxar_3313_441_s16.tif,3313/vhm_3313_441_s16.tif
3313/maxar_3313_233_s5.tif,3313/vhm_3313_233_s5.tif
3313/maxar_3313_121_s9.tif,3313/vhm_3313_121_s9.tif
3313/maxar_3313_161_s8.tif,3313/vhm_3313_161_s8.tif
3313/maxar_3313_363_s7.tif,3313/vhm_3313_363_s7.tif
3313/maxar_3313_353_s9.tif,3313/vhm_3313_353_s9.tif
3313/maxar_3313_163_s16.tif,3313/vhm_3313_163_s16.tif
3313/maxar_3313_132_s1.tif,3313/vhm_3313_132_s1.tif
3313/maxar_3313_452_s5.tif,3313/vhm_3313_452_s5.tif
3313/maxar_3313_221_s6.tif,3313/vhm_3313_221_s6.tif
3313/maxar_3313_152_s6.tif,3313/vhm_3313_152_s6.tif
3313/maxar_3313_411_s15.tif,3313/vhm_3313_411_s15.tif
3313/maxar_3313_361_s12.tif,3313/vhm_3313_361_s12.tif
3313/maxar_3313_413_s5.tif,3313/vhm_3313_413_s5.tif
3313/maxar_3313_263_s10.tif,3313/vhm_3313_263_s10.tif
3313/maxar_3313_144_s10.tif,3313/vhm_3313_144_s10.tif
3313/maxar_3313_211_s12.tif,3313/vhm_3313_211_s12.tif
3313/maxar_3313_212_s8.tif,3313/vhm_3313_212_s8.tif
3313/maxar_3313_343_s14.tif,3313/vhm_3313_343_s14.tif
3313/maxar_3313_253_s4.tif,3313/vhm_3313_253_s4.tif
3313/maxar_3313_333_s3.tif,3313/vhm_3313_333_s3.tif
3313/maxar_3313_353_s7.tif,3313/vhm_3313_353_s7.tif
3313/maxar_3313_214_s11.tif,3313/vhm_3313_214_s11.tif
3313/maxar_3313_412_s8.tif,3313/vhm_3313_412_s8.tif
3313/maxar_3313_132_s5.tif,3313/vhm_3313_132_s5.tif
3313/maxar_3313_421_s8.tif,3313/vhm_3313_421_s8.tif
3313/maxar_3313_362_s12.tif,3313/vhm_3313_362_s12.tif
3313/maxar_3313_344_s10.tif,3313/vhm_3313_344_s10.tif
3313/maxar_3313_254_s12.tif,3313/vhm_3313_254_s12.tif
3313/maxar_3313_144_s16.tif,3313/vhm_3313_144_s16.tif
3313/maxar_3313_252_s5.tif,3313/vhm_3313_252_s5.tif
3313/maxar_3313_353_s8.tif,3313/vhm_3313_353_s8.tif
3313/maxar_3313_451_s7.tif,3313/vhm_3313_451_s7.tif
3313/maxar_3313_262_s11.tif,3313/vhm_3313_262_s11.tif
3313/maxar_3313_341_s3.tif,3313/vhm_3313_341_s3.tif
3313/maxar_3313_161_s7.tif,3313/vhm_3313_161_s7.tif
3313/maxar_3313_333_s9.tif,3313/vhm_3313_333_s9.tif
3313/maxar_3313_414_s8.tif,3313/vhm_3313_414_s8.tif
3313/maxar_3313_453_s11.tif,3313/vhm_3313_453_s11.tif
3313/maxar_3313_144_s4.tif,3313/vhm_3313_144_s4.tif
3313/maxar_3313_144_s7.tif,3313/vhm_3313_144_s7.tif
3313/maxar_3313_134_s4.tif,3313/vhm_3313_134_s4.tif
3313/maxar_3313_154_s3.tif,3313/vhm_3313_154_s3.tif
3313/maxar_3313_362_s4.tif,3313/vhm_3313_362_s4.tif
3313/maxar_3313_434_s7.tif,3313/vhm_3313_434_s7.tif
3313/maxar_3313_411_s5.tif,3313/vhm_3313_411_s5.tif
3313/maxar_3313_161_s2.tif,3313/vhm_3313_161_s2.tif
3313/maxar_3313_211_s2.tif,3313/vhm_3313_211_s2.tif
3313/maxar_3313_351_s2.tif,3313/vhm_3313_351_s2.tif
3313/maxar_3313_211_s1.tif,3313/vhm_3313_211_s1.tif
3313/maxar_3313_233_s12.tif,3313/vhm_3313_233_s12.tif
3313/maxar_3313_164_s7.tif,3313/vhm_3313_164_s7.tif
3313/maxar_3313_313_s10.tif,3313/vhm_3313_313_s10.tif
3313/maxar_3313_332_s13.tif,3313/vhm_3313_332_s13.tif
3313/maxar_3313_114_s10.tif,3313/vhm_3313_114_s10.tif
3313/maxar_3313_161_s9.tif,3313/vhm_3313_161_s9.tif
3313/maxar_3313_214_s1.tif,3313/vhm_3313_214_s1.tif
3313/maxar_3313_432_s6.tif,3313/vhm_3313_432_s6.tif
3313/maxar_3313_411_s6.tif,3313/vhm_3313_411_s6.tif
3313/maxar_3313_233_s16.tif,3313/vhm_3313_233_s16.tif
3313/maxar_3313_321_s8.tif,3313/vhm_3313_321_s8.tif
3313/maxar_3313_264_s11.tif,3313/vhm_3313_264_s11.tif
3313/maxar_3313_424_s9.tif,3313/vhm_3313_424_s9.tif
3313/maxar_3313_332_s3.tif,3313/vhm_3313_332_s3.tif
3313/maxar_3313_463_s3.tif,3313/vhm_3313_463_s3.tif
3313/maxar_3313_462_s3.tif,3313/vhm_3313_462_s3.tif
3313/maxar_3313_214_s4.tif,3313/vhm_3313_214_s4.tif
3313/maxar_3313_263_s14.tif,3313/vhm_3313_263_s14.tif
3313/maxar_3313_342_s11.tif,3313/vhm_3313_342_s11.tif
3313/maxar_3313_134_s5.tif,3313/vhm_3313_134_s5.tif
3313/maxar_3313_153_s7.tif,3313/vhm_3313_153_s7.tif
3313/maxar_3313_123_s5.tif,3313/vhm_3313_123_s5.tif
3313/maxar_3313_263_s16.tif,3313/vhm_3313_263_s16.tif
3313/maxar_3313_442_s16.tif,3313/vhm_3313_442_s16.tif
3313/maxar_3313_242_s12.tif,3313/vhm_3313_242_s12.tif
3313/maxar_3313_162_s5.tif,3313/vhm_3313_162_s5.tif
3313/maxar_3313_261_s2.tif,3313/vhm_3313_261_s2.tif
3313/maxar_3313_243_s1.tif,3313/vhm_3313_243_s1.tif
3313/maxar_3313_243_s11.tif,3313/vhm_3313_243_s11.tif
3313/maxar_3313_354_s5.tif,3313/vhm_3313_354_s5.tif
3313/maxar_3313_211_s7.tif,3313/vhm_3313_211_s7.tif
3313/maxar_3313_332_s4.tif,3313/vhm_3313_332_s4.tif
3313/maxar_3313_323_s7.tif,3313/vhm_3313_323_s7.tif
3313/maxar_3313_153_s12.tif,3313/vhm_3313_153_s12.tif
3313/maxar_3313_131_s8.tif,3313/vhm_3313_131_s8.tif
3313/maxar_3313_311_s14.tif,3313/vhm_3313_311_s14.tif
3313/maxar_3313_412_s3.tif,3313/vhm_3313_412_s3.tif
3313/maxar_3313_323_s1.tif,3313/vhm_3313_323_s1.tif
3313/maxar_3313_454_s2.tif,3313/vhm_3313_454_s2.tif
3313/maxar_3313_454_s7.tif,3313/vhm_3313_454_s7.tif
3313/maxar_3313_334_s7.tif,3313/vhm_3313_334_s7.tif
3313/maxar_3313_144_s9.tif,3313/vhm_3313_144_s9.tif
3313/maxar_3313_163_s6.tif,3313/vhm_3313_163_s6.tif
3313/maxar_3313_422_s2.tif,3313/vhm_3313_422_s2.tif
3313/maxar_3313_263_s8.tif,3313/vhm_3313_263_s8.tif
3313/maxar_3313_431_s12.tif,3313/vhm_3313_431_s12.tif
3313/maxar_3313_253_s10.tif,3313/vhm_3313_253_s10.tif
3313/maxar_3313_312_s13.tif,3313/vhm_3313_312_s13.tif
3313/maxar_3313_462_s2.tif,3313/vhm_3313_462_s2.tif
3313/maxar_3313_452_s15.tif,3313/vhm_3313_452_s15.tif
3313/maxar_3313_262_s4.tif,3313/vhm_3313_262_s4.tif
3313/maxar_3313_152_s16.tif,3313/vhm_3313_152_s16.tif
3313/maxar_3313_364_s12.tif,3313/vhm_3313_364_s12.tif
3313/maxar_3313_432_s5.tif,3313/vhm_3313_432_s5.tif
3313/maxar_3313_453_s3.tif,3313/vhm_3313_453_s3.tif
3313/maxar_3313_433_s15.tif,3313/vhm_3313_433_s15.tif
3313/maxar_3313_143_s4.tif,3313/vhm_3313_143_s4.tif
3313/maxar_3313_451_s11.tif,3313/vhm_3313_451_s11.tif
3313/maxar_3313_462_s1.tif,3313/vhm_3313_462_s1.tif
3313/maxar_3313_152_s2.tif,3313/vhm_3313_152_s2.tif
3313/maxar_3313_232_s1.tif,3313/vhm_3313_232_s1.tif
3313/maxar_3313_132_s6.tif,3313/vhm_3313_132_s6.tif
3313/maxar_3313_254_s2.tif,3313/vhm_3313_254_s2.tif
3313/maxar_3313_444_s4.tif,3313/vhm_3313_444_s4.tif
3313/maxar_3313_222_s1.tif,3313/vhm_3313_222_s1.tif
3313/maxar_3313_454_s9.tif,3313/vhm_3313_454_s9.tif
3313/maxar_3313_364_s15.tif,3313/vhm_3313_364_s15.tif
3313/maxar_3313_312_s3.tif,3313/vhm_3313_312_s3.tif
3313/maxar_3313_352_s11.tif,3313/vhm_3313_352_s11.tif
3313/maxar_3313_214_s10.tif,3313/vhm_3313_214_s10.tif
3313/maxar_3313_352_s5.tif,3313/vhm_3313_352_s5.tif
3313/maxar_3313_253_s13.tif,3313/vhm_3313_253_s13.tif
3313/maxar_3313_143_s15.tif,3313/vhm_3313_143_s15.tif
3313/maxar_3313_251_s3.tif,3313/vhm_3313_251_s3.tif
3313/maxar_3313_154_s7.tif,3313/vhm_3313_154_s7.tif
3313/maxar_3313_242_s5.tif,3313/vhm_3313_242_s5.tif
3313/maxar_3313_242_s9.tif,3313/vhm_3313_242_s9.tif
3313/maxar_3313_434_s8.tif,3313/vhm_3313_434_s8.tif
3313/maxar_3313_162_s2.tif,3313/vhm_3313_162_s2.tif
3313/maxar_3313_243_s4.tif,3313/vhm_3313_243_s4.tif
3313/maxar_3313_111_s5.tif,3313/vhm_3313_111_s5.tif
3313/maxar_3313_233_s4.tif,3313/vhm_3313_233_s4.tif
3313/maxar_3313_113_s11.tif,3313/vhm_3313_113_s11.tif
3313/maxar_3313_142_s16.tif,3313/vhm_3313_142_s16.tif
3313/maxar_3313_414_s7.tif,3313/vhm_3313_414_s7.tif
3313/maxar_3313_321_s5.tif,3313/vhm_3313_321_s5.tif
3313/maxar_3313_412_s1.tif,3313/vhm_3313_412_s1.tif
3313/maxar_3313_444_s6.tif,3313/vhm_3313_444_s6.tif
3313/maxar_3313_362_s6.tif,3313/vhm_3313_362_s6.tif
3313/maxar_3313_213_s14.tif,3313/vhm_3313_213_s14.tif
3313/maxar_3313_323_s9.tif,3313/vhm_3313_323_s9.tif
3313/maxar_3313_421_s14.tif,3313/vhm_3313_421_s14.tif
3313/maxar_3313_222_s15.tif,3313/vhm_3313_222_s15.tif
3313/maxar_3313_322_s6.tif,3313/vhm_3313_322_s6.tif
3313/maxar_3313_412_s16.tif,3313/vhm_3313_412_s16.tif
3313/maxar_3313_252_s8.tif,3313/vhm_3313_252_s8.tif
3313/maxar_3313_421_s3.tif,3313/vhm_3313_421_s3.tif
3313/maxar_3313_134_s3.tif,3313/vhm_3313_134_s3.tif
3313/maxar_3313_422_s7.tif,3313/vhm_3313_422_s7.tif
3313/maxar_3313_314_s8.tif,3313/vhm_3313_314_s8.tif
3313/maxar_3313_434_s5.tif,3313/vhm_3313_434_s5.tif
3313/maxar_3313_163_s8.tif,3313/vhm_3313_163_s8.tif
3313/maxar_3313_344_s14.tif,3313/vhm_3313_344_s14.tif
3313/maxar_3313_454_s10.tif,3313/vhm_3313_454_s10.tif
3313/maxar_3313_221_s7.tif,3313/vhm_3313_221_s7.tif
3313/maxar_3313_322_s10.tif,3313/vhm_3313_322_s10.tif
3313/maxar_3313_111_s16.tif,3313/vhm_3313_111_s16.tif
3313/maxar_3313_414_s15.tif,3313/vhm_3313_414_s15.tif
3313/maxar_3313_114_s8.tif,3313/vhm_3313_114_s8.tif
3313/maxar_3313_423_s8.tif,3313/vhm_3313_423_s8.tif
3313/maxar_3313_231_s13.tif,3313/vhm_3313_231_s13.tif
3313/maxar_3313_114_s16.tif,3313/vhm_3313_114_s16.tif
3313/maxar_3313_322_s11.tif,3313/vhm_3313_322_s11.tif
3313/maxar_3313_211_s3.tif,3313/vhm_3313_211_s3.tif
3313/maxar_3313_441_s13.tif,3313/vhm_3313_441_s13.tif
3313/maxar_3313_264_s10.tif,3313/vhm_3313_264_s10.tif
3313/maxar_3313_113_s16.tif,3313/vhm_3313_113_s16.tif
3313/maxar_3313_211_s11.tif,3313/vhm_3313_211_s11.tif
3313/maxar_3313_121_s2.tif,3313/vhm_3313_121_s2.tif
3313/maxar_3313_354_s9.tif,3313/vhm_3313_354_s9.tif
3313/maxar_3313_322_s1.tif,3313/vhm_3313_322_s1.tif
3313/maxar_3313_464_s6.tif,3313/vhm_3313_464_s6.tif
3313/maxar_3313_462_s8.tif,3313/vhm_3313_462_s8.tif
3313/maxar_3313_464_s5.tif,3313/vhm_3313_464_s5.tif
3313/maxar_3313_132_s9.tif,3313/vhm_3313_132_s9.tif
3313/maxar_3313_254_s9.tif,3313/vhm_3313_254_s9.tif
3313/maxar_3313_413_s9.tif,3313/vhm_3313_413_s9.tif
3313/maxar_3313_324_s6.tif,3313/vhm_3313_324_s6.tif
3313/maxar_3313_431_s4.tif,3313/vhm_3313_431_s4.tif
3313/maxar_3313_314_s13.tif,3313/vhm_3313_314_s13.tif
3313/maxar_3313_342_s8.tif,3313/vhm_3313_342_s8.tif
3313/maxar_3313_443_s11.tif,3313/vhm_3313_443_s11.tif
3313/maxar_3313_321_s16.tif,3313/vhm_3313_321_s16.tif
3313/maxar_3313_422_s4.tif,3313/vhm_3313_422_s4.tif
3313/maxar_3313_361_s16.tif,3313/vhm_3313_361_s16.tif
3313/maxar_3313_121_s8.tif,3313/vhm_3313_121_s8.tif
3313/maxar_3313_313_s13.tif,3313/vhm_3313_313_s13.tif
3313/maxar_3313_222_s4.tif,3313/vhm_3313_222_s4.tif
3313/maxar_3313_224_s15.tif,3313/vhm_3313_224_s15.tif
3313/maxar_3313_362_s8.tif,3313/vhm_3313_362_s8.tif
3313/maxar_3313_452_s13.tif,3313/vhm_3313_452_s13.tif
3313/maxar_3313_232_s8.tif,3313/vhm_3313_232_s8.tif
3313/maxar_3313_144_s15.tif,3313/vhm_3313_144_s15.tif
3313/maxar_3313_213_s8.tif,3313/vhm_3313_213_s8.tif
3313/maxar_3313_362_s10.tif,3313/vhm_3313_362_s10.tif
3313/maxar_3313_261_s3.tif,3313/vhm_3313_261_s3.tif
3313/maxar_3313_111_s2.tif,3313/vhm_3313_111_s2.tif
3313/maxar_3313_331_s3.tif,3313/vhm_3313_331_s3.tif
3313/maxar_3313_253_s11.tif,3313/vhm_3313_253_s11.tif
3313/maxar_3313_211_s4.tif,3313/vhm_3313_211_s4.tif
3313/maxar_3313_154_s9.tif,3313/vhm_3313_154_s9.tif
3313/maxar_3313_131_s16.tif,3313/vhm_3313_131_s16.tif
3313/maxar_3313_112_s4.tif,3313/vhm_3313_112_s4.tif
3313/maxar_3313_454_s8.tif,3313/vhm_3313_454_s8.tif
3313/maxar_3313_112_s12.tif,3313/vhm_3313_112_s12.tif
3313/maxar_3313_463_s2.tif,3313/vhm_3313_463_s2.tif
3313/maxar_3313_234_s8.tif,3313/vhm_3313_234_s8.tif
3313/maxar_3313_261_s12.tif,3313/vhm_3313_261_s12.tif
3313/maxar_3313_263_s3.tif,3313/vhm_3313_263_s3.tif
3313/maxar_3313_464_s4.tif,3313/vhm_3313_464_s4.tif
3313/maxar_3313_312_s14.tif,3313/vhm_3313_312_s14.tif
3313/maxar_3313_452_s10.tif,3313/vhm_3313_452_s10.tif
3313/maxar_3313_444_s14.tif,3313/vhm_3313_444_s14.tif
3313/maxar_3313_442_s1.tif,3313/vhm_3313_442_s1.tif
3313/maxar_3313_161_s1.tif,3313/vhm_3313_161_s1.tif
3313/maxar_3313_132_s11.tif,3313/vhm_3313_132_s11.tif
3313/maxar_3313_423_s14.tif,3313/vhm_3313_423_s14.tif
3313/maxar_3313_253_s8.tif,3313/vhm_3313_253_s8.tif
3313/maxar_3313_132_s15.tif,3313/vhm_3313_132_s15.tif
3313/maxar_3313_314_s15.tif,3313/vhm_3313_314_s15.tif
3313/maxar_3313_461_s6.tif,3313/vhm_3313_461_s6.tif
3313/maxar_3313_223_s3.tif,3313/vhm_3313_223_s3.tif
3313/maxar_3313_111_s8.tif,3313/vhm_3313_111_s8.tif
3313/maxar_3313_243_s5.tif,3313/vhm_3313_243_s5.tif
3313/maxar_3313_141_s15.tif,3313/vhm_3313_141_s15.tif
3313/maxar_3313_461_s1.tif,3313/vhm_3313_461_s1.tif
3313/maxar_3313_442_s15.tif,3313/vhm_3313_442_s15.tif
3313/maxar_3313_334_s16.tif,3313/vhm_3313_334_s16.tif
3313/maxar_3313_424_s5.tif,3313/vhm_3313_424_s5.tif
3313/maxar_3313_162_s6.tif,3313/vhm_3313_162_s6.tif
3313/maxar_3313_344_s9.tif,3313/vhm_3313_344_s9.tif
3313/maxar_3313_342_s14.tif,3313/vhm_3313_342_s14.tif
3313/maxar_3313_424_s14.tif,3313/vhm_3313_424_s14.tif
3313/maxar_3313_262_s8.tif,3313/vhm_3313_262_s8.tif
3313/maxar_3313_164_s16.tif,3313/vhm_3313_164_s16.tif
3313/maxar_3313_424_s7.tif,3313/vhm_3313_424_s7.tif
3313/maxar_3313_434_s10.tif,3313/vhm_3313_434_s10.tif
3313/maxar_3313_444_s2.tif,3313/vhm_3313_444_s2.tif
3313/maxar_3313_142_s4.tif,3313/vhm_3313_142_s4.tif
3313/maxar_3313_361_s3.tif,3313/vhm_3313_361_s3.tif
3313/maxar_3313_314_s6.tif,3313/vhm_3313_314_s6.tif
3313/maxar_3313_352_s9.tif,3313/vhm_3313_352_s9.tif
3313/maxar_3313_421_s16.tif,3313/vhm_3313_421_s16.tif
3313/maxar_3313_361_s1.tif,3313/vhm_3313_361_s1.tif
3313/maxar_3313_141_s10.tif,3313/vhm_3313_141_s10.tif
3313/maxar_3313_333_s1.tif,3313/vhm_3313_333_s1.tif
3313/maxar_3313_244_s13.tif,3313/vhm_3313_244_s13.tif
3313/maxar_3313_111_s6.tif,3313/vhm_3313_111_s6.tif
3313/maxar_3313_444_s15.tif,3313/vhm_3313_444_s15.tif
3313/maxar_3313_332_s1.tif,3313/vhm_3313_332_s1.tif
3313/maxar_3313_243_s2.tif,3313/vhm_3313_243_s2.tif
3313/maxar_3313_261_s15.tif,3313/vhm_3313_261_s15.tif
3313/maxar_3313_263_s1.tif,3313/vhm_3313_263_s1.tif
3313/maxar_3313_412_s14.tif,3313/vhm_3313_412_s14.tif
3313/maxar_3313_362_s15.tif,3313/vhm_3313_362_s15.tif
3313/maxar_3313_324_s16.tif,3313/vhm_3313_324_s16.tif
3313/maxar_3313_264_s6.tif,3313/vhm_3313_264_s6.tif
3313/maxar_3313_412_s13.tif,3313/vhm_3313_412_s13.tif
3313/maxar_3313_114_s4.tif,3313/vhm_3313_114_s4.tif
3313/maxar_3313_361_s8.tif,3313/vhm_3313_361_s8.tif
3313/maxar_3313_432_s13.tif,3313/vhm_3313_432_s13.tif
3313/maxar_3313_364_s6.tif,3313/vhm_3313_364_s6.tif
3313/maxar_3313_251_s15.tif,3313/vhm_3313_251_s15.tif
3313/maxar_3313_164_s14.tif,3313/vhm_3313_164_s14.tif
3313/maxar_3313_321_s4.tif,3313/vhm_3313_321_s4.tif
3313/maxar_3313_342_s7.tif,3313/vhm_3313_342_s7.tif
3313/maxar_3313_311_s2.tif,3313/vhm_3313_311_s2.tif
3313/maxar_3313_412_s7.tif,3313/vhm_3313_412_s7.tif
3313/maxar_3313_262_s5.tif,3313/vhm_3313_262_s5.tif
3313/maxar_3313_151_s15.tif,3313/vhm_3313_151_s15.tif
3313/maxar_3313_142_s8.tif,3313/vhm_3313_142_s8.tif
3313/maxar_3313_132_s12.tif,3313/vhm_3313_132_s12.tif
3313/maxar_3313_432_s9.tif,3313/vhm_3313_432_s9.tif
3313/maxar_3313_413_s2.tif,3313/vhm_3313_413_s2.tif
3313/maxar_3313_413_s12.tif,3313/vhm_3313_413_s12.tif
3313/maxar_3313_223_s1.tif,3313/vhm_3313_223_s1.tif
3313/maxar_3313_321_s14.tif,3313/vhm_3313_321_s14.tif
3313/maxar_3313_141_s9.tif,3313/vhm_3313_141_s9.tif
3313/maxar_3313_142_s7.tif,3313/vhm_3313_142_s7.tif
3313/maxar_3313_434_s16.tif,3313/vhm_3313_434_s16.tif
3313/maxar_3313_113_s5.tif,3313/vhm_3313_113_s5.tif
3313/maxar_3313_312_s16.tif,3313/vhm_3313_312_s16.tif
3313/maxar_3313_113_s1.tif,3313/vhm_3313_113_s1.tif
3313/maxar_3313_333_s10.tif,3313/vhm_3313_333_s10.tif
3313/maxar_3313_313_s14.tif,3313/vhm_3313_313_s14.tif
3313/maxar_3313_243_s9.tif,3313/vhm_3313_243_s9.tif
3313/maxar_3313_254_s5.tif,3313/vhm_3313_254_s5.tif
3313/maxar_3313_364_s7.tif,3313/vhm_3313_364_s7.tif
3313/maxar_3313_143_s1.tif,3313/vhm_3313_143_s1.tif
3313/maxar_3313_151_s12.tif,3313/vhm_3313_151_s12.tif
3313/maxar_3313_442_s14.tif,3313/vhm_3313_442_s14.tif
3313/maxar_3313_111_s15.tif,3313/vhm_3313_111_s15.tif
3313/maxar_3313_212_s16.tif,3313/vhm_3313_212_s16.tif
3313/maxar_3313_431_s14.tif,3313/vhm_3313_431_s14.tif
3313/maxar_3313_361_s15.tif,3313/vhm_3313_361_s15.tif
3313/maxar_3313_312_s1.tif,3313/vhm_3313_312_s1.tif
3313/maxar_3313_134_s7.tif,3313/vhm_3313_134_s7.tif
3313/maxar_3313_311_s16.tif,3313/vhm_3313_311_s16.tif
3313/maxar_3313_332_s11.tif,3313/vhm_3313_332_s11.tif
3313/maxar_3313_224_s5.tif,3313/vhm_3313_224_s5.tif
3313/maxar_3313_341_s15.tif,3313/vhm_3313_341_s15.tif
3313/maxar_3313_444_s8.tif,3313/vhm_3313_444_s8.tif
3313/maxar_3313_154_s8.tif,3313/vhm_3313_154_s8.tif
3313/maxar_3313_431_s3.tif,3313/vhm_3313_431_s3.tif
3313/maxar_3313_233_s6.tif,3313/vhm_3313_233_s6.tif
3313/maxar_3313_151_s2.tif,3313/vhm_3313_151_s2.tif
3313/maxar_3313_332_s12.tif,3313/vhm_3313_332_s12.tif
3313/maxar_3313_451_s10.tif,3313/vhm_3313_451_s10.tif
3313/maxar_3313_151_s3.tif,3313/vhm_3313_151_s3.tif
3313/maxar_3313_152_s10.tif,3313/vhm_3313_152_s10.tif
3313/maxar_3313_323_s3.tif,3313/vhm_3313_323_s3.tif
3313/maxar_3313_311_s4.tif,3313/vhm_3313_311_s4.tif
3313/maxar_3313_413_s1.tif,3313/vhm_3313_413_s1.tif
3313/maxar_3313_433_s11.tif,3313/vhm_3313_433_s11.tif
3313/maxar_3313_321_s10.tif,3313/vhm_3313_321_s10.tif
3313/maxar_3313_153_s6.tif,3313/vhm_3313_153_s6.tif
3313/maxar_3313_123_s12.tif,3313/vhm_3313_123_s12.tif
3313/maxar_3313_144_s3.tif,3313/vhm_3313_144_s3.tif
3313/maxar_3313_232_s14.tif,3313/vhm_3313_232_s14.tif
3313/maxar_3313_411_s1.tif,3313/vhm_3313_411_s1.tif
3313/maxar_3313_233_s8.tif,3313/vhm_3313_233_s8.tif
3313/maxar_3313_223_s10.tif,3313/vhm_3313_223_s10.tif
3313/maxar_3313_352_s4.tif,3313/vhm_3313_352_s4.tif
3313/maxar_3313_333_s2.tif,3313/vhm_3313_333_s2.tif
3313/maxar_3313_211_s14.tif,3313/vhm_3313_211_s14.tif
3313/maxar_3313_212_s3.tif,3313/vhm_3313_212_s3.tif
3313/maxar_3313_324_s8.tif,3313/vhm_3313_324_s8.tif
3313/maxar_3313_142_s1.tif,3313/vhm_3313_142_s1.tif
3313/maxar_3313_263_s11.tif,3313/vhm_3313_263_s11.tif
3313/maxar_3313_231_s5.tif,3313/vhm_3313_231_s5.tif
3313/maxar_3313_313_s12.tif,3313/vhm_3313_313_s12.tif
3313/maxar_3313_461_s14.tif,3313/vhm_3313_461_s14.tif
3313/maxar_3313_163_s15.tif,3313/vhm_3313_163_s15.tif
3313/maxar_3313_461_s10.tif,3313/vhm_3313_461_s10.tif
3313/maxar_3313_112_s2.tif,3313/vhm_3313_112_s2.tif
3313/maxar_3313_331_s5.tif,3313/vhm_3313_331_s5.tif
3313/maxar_3313_454_s4.tif,3313/vhm_3313_454_s4.tif
3313/maxar_3313_163_s3.tif,3313/vhm_3313_163_s3.tif
3313/maxar_3313_223_s6.tif,3313/vhm_3313_223_s6.tif
3313/maxar_3313_432_s10.tif,3313/vhm_3313_432_s10.tif
3313/maxar_3313_143_s8.tif,3313/vhm_3313_143_s8.tif
3313/maxar_3313_351_s16.tif,3313/vhm_3313_351_s16.tif
3313/maxar_3313_414_s14.tif,3313/vhm_3313_414_s14.tif
3313/maxar_3313_412_s4.tif,3313/vhm_3313_412_s4.tif
3313/maxar_3313_353_s6.tif,3313/vhm_3313_353_s6.tif
3313/maxar_3313_361_s7.tif,3313/vhm_3313_361_s7.tif
3313/maxar_3313_452_s4.tif,3313/vhm_3313_452_s4.tif
3313/maxar_3313_312_s2.tif,3313/vhm_3313_312_s2.tif
3313/maxar_3313_421_s5.tif,3313/vhm_3313_421_s5.tif
3313/maxar_3313_444_s13.tif,3313/vhm_3313_444_s13.tif
3313/maxar_3313_413_s7.tif,3313/vhm_3313_413_s7.tif
3313/maxar_3313_252_s4.tif,3313/vhm_3313_252_s4.tif
3313/maxar_3313_152_s13.tif,3313/vhm_3313_152_s13.tif
3313/maxar_3313_321_s12.tif,3313/vhm_3313_321_s12.tif
3313/maxar_3313_454_s6.tif,3313/vhm_3313_454_s6.tif
3313/maxar_3313_451_s2.tif,3313/vhm_3313_451_s2.tif
3313/maxar_3313_232_s10.tif,3313/vhm_3313_232_s10.tif
3313/maxar_3313_124_s5.tif,3313/vhm_3313_124_s5.tif
3313/maxar_3313_311_s3.tif,3313/vhm_3313_311_s3.tif
3313/maxar_3313_214_s9.tif,3313/vhm_3313_214_s9.tif
3313/maxar_3313_164_s10.tif,3313/vhm_3313_164_s10.tif
3313/maxar_3313_254_s14.tif,3313/vhm_3313_254_s14.tif
3313/maxar_3313_213_s1.tif,3313/vhm_3313_213_s1.tif
3313/maxar_3313_252_s9.tif,3313/vhm_3313_252_s9.tif
3313/maxar_3313_232_s16.tif,3313/vhm_3313_232_s16.tif
3313/maxar_3313_322_s2.tif,3313/vhm_3313_322_s2.tif
3313/maxar_3313_164_s11.tif,3313/vhm_3313_164_s11.tif
3313/maxar_3313_341_s4.tif,3313/vhm_3313_341_s4.tif
3313/maxar_3313_344_s8.tif,3313/vhm_3313_344_s8.tif
3313/maxar_3313_322_s4.tif,3313/vhm_3313_322_s4.tif
3313/maxar_3313_234_s6.tif,3313/vhm_3313_234_s6.tif
3313/maxar_3313_211_s8.tif,3313/vhm_3313_211_s8.tif
3313/maxar_3313_423_s12.tif,3313/vhm_3313_423_s12.tif
3313/maxar_3313_464_s15.tif,3313/vhm_3313_464_s15.tif
3313/maxar_3313_422_s1.tif,3313/vhm_3313_422_s1.tif
3313/maxar_3313_331_s1.tif,3313/vhm_3313_331_s1.tif
3313/maxar_3313_264_s2.tif,3313/vhm_3313_264_s2.tif
3313/maxar_3313_312_s10.tif,3313/vhm_3313_312_s10.tif
3313/maxar_3313_453_s10.tif,3313/vhm_3313_453_s10.tif
3313/maxar_3313_433_s5.tif,3313/vhm_3313_433_s5.tif
3313/maxar_3313_314_s3.tif,3313/vhm_3313_314_s3.tif
3313/maxar_3313_464_s10.tif,3313/vhm_3313_464_s10.tif
3313/maxar_3313_353_s1.tif,3313/vhm_3313_353_s1.tif
3313/maxar_3313_332_s7.tif,3313/vhm_3313_332_s7.tif
3313/maxar_3313_121_s5.tif,3313/vhm_3313_121_s5.tif
3313/maxar_3313_234_s3.tif,3313/vhm_3313_234_s3.tif
3313/maxar_3313_112_s7.tif,3313/vhm_3313_112_s7.tif
3313/maxar_3313_132_s3.tif,3313/vhm_3313_132_s3.tif
3313/maxar_3313_152_s7.tif,3313/vhm_3313_152_s7.tif
3313/maxar_3313_151_s5.tif,3313/vhm_3313_151_s5.tif
3313/maxar_3313_113_s3.tif,3313/vhm_3313_113_s3.tif
3313/maxar_3313_223_s14.tif,3313/vhm_3313_223_s14.tif
3313/maxar_3313_154_s14.tif,3313/vhm_3313_154_s14.tif
3313/maxar_3313_441_s15.tif,3313/vhm_3313_441_s15.tif
3313/maxar_3313_134_s11.tif,3313/vhm_3313_134_s11.tif
3313/maxar_3313_121_s6.tif,3313/vhm_3313_121_s6.tif
3313/maxar_3313_122_s4.tif,3313/vhm_3313_122_s4.tif
3313/maxar_3313_251_s13.tif,3313/vhm_3313_251_s13.tif
3313/maxar_3313_254_s16.tif,3313/vhm_3313_254_s16.tif
3313/maxar_3313_142_s9.tif,3313/vhm_3313_142_s9.tif
3313/maxar_3313_311_s13.tif,3313/vhm_3313_311_s13.tif
3313/maxar_3313_252_s2.tif,3313/vhm_3313_252_s2.tif
3313/maxar_3313_124_s7.tif,3313/vhm_3313_124_s7.tif
3313/maxar_3313_332_s2.tif,3313/vhm_3313_332_s2.tif
3313/maxar_3313_454_s1.tif,3313/vhm_3313_454_s1.tif
3313/maxar_3313_253_s2.tif,3313/vhm_3313_253_s2.tif
3313/maxar_3313_224_s3.tif,3313/vhm_3313_224_s3.tif
3313/maxar_3313_423_s3.tif,3313/vhm_3313_423_s3.tif
3313/maxar_3313_154_s12.tif,3313/vhm_3313_154_s12.tif
3313/maxar_3313_131_s6.tif,3313/vhm_3313_131_s6.tif
3313/maxar_3313_152_s14.tif,3313/vhm_3313_152_s14.tif
3313/maxar_3313_212_s11.tif,3313/vhm_3313_212_s11.tif
3313/maxar_3313_422_s15.tif,3313/vhm_3313_422_s15.tif
3313/maxar_3313_312_s12.tif,3313/vhm_3313_312_s12.tif
3313/maxar_3313_431_s1.tif,3313/vhm_3313_431_s1.tif
3313/maxar_3313_261_s11.tif,3313/vhm_3313_261_s11.tif
3313/maxar_3313_341_s2.tif,3313/vhm_3313_341_s2.tif
3313/maxar_3313_333_s16.tif,3313/vhm_3313_333_s16.tif
3313/maxar_3313_222_s16.tif,3313/vhm_3313_222_s16.tif
3313/maxar_3313_442_s9.tif,3313/vhm_3313_442_s9.tif
3313/maxar_3313_322_s7.tif,3313/vhm_3313_322_s7.tif
3313/maxar_3313_423_s13.tif,3313/vhm_3313_423_s13.tif
3313/maxar_3313_234_s1.tif,3313/vhm_3313_234_s1.tif
3313/maxar_3313_422_s14.tif,3313/vhm_3313_422_s14.tif
3313/maxar_3313_341_s5.tif,3313/vhm_3313_341_s5.tif
3313/maxar_3313_131_s15.tif,3313/vhm_3313_131_s15.tif
3313/maxar_3313_124_s6.tif,3313/vhm_3313_124_s6.tif
3313/maxar_3313_362_s1.tif,3313/vhm_3313_362_s1.tif
3313/maxar_3313_352_s12.tif,3313/vhm_3313_352_s12.tif
3313/maxar_3313_121_s1.tif,3313/vhm_3313_121_s1.tif
3313/maxar_3313_411_s16.tif,3313/vhm_3313_411_s16.tif
3313/maxar_3313_222_s5.tif,3313/vhm_3313_222_s5.tif
3313/maxar_3313_443_s10.tif,3313/vhm_3313_443_s10.tif
3313/maxar_3313_141_s4.tif,3313/vhm_3313_141_s4.tif
3313/maxar_3313_231_s16.tif,3313/vhm_3313_231_s16.tif
3313/maxar_3313_153_s11.tif,3313/vhm_3313_153_s11.tif
3313/maxar_3313_452_s1.tif,3313/vhm_3313_452_s1.tif
3313/maxar_3313_414_s13.tif,3313/vhm_3313_414_s13.tif
3313/maxar_3313_412_s9.tif,3313/vhm_3313_412_s9.tif
3313/maxar_3313_324_s5.tif,3313/vhm_3313_324_s5.tif
3313/maxar_3313_131_s12.tif,3313/vhm_3313_131_s12.tif
3313/maxar_3313_261_s7.tif,3313/vhm_3313_261_s7.tif
3313/maxar_3313_162_s14.tif,3313/vhm_3313_162_s14.tif
3313/maxar_3313_214_s5.tif,3313/vhm_3313_214_s5.tif
3313/maxar_3313_244_s8.tif,3313/vhm_3313_244_s8.tif
3313/maxar_3313_241_s6.tif,3313/vhm_3313_241_s6.tif
3313/maxar_3313_433_s3.tif,3313/vhm_3313_433_s3.tif
3313/maxar_3313_133_s2.tif,3313/vhm_3313_133_s2.tif
3313/maxar_3313_432_s7.tif,3313/vhm_3313_432_s7.tif
3313/maxar_3313_131_s13.tif,3313/vhm_3313_131_s13.tif
3313/maxar_3313_231_s12.tif,3313/vhm_3313_231_s12.tif
3313/maxar_3313_422_s12.tif,3313/vhm_3313_422_s12.tif
3313/maxar_3313_353_s13.tif,3313/vhm_3313_353_s13.tif
3313/maxar_3313_323_s4.tif,3313/vhm_3313_323_s4.tif
3313/maxar_3313_143_s5.tif,3313/vhm_3313_143_s5.tif
3313/maxar_3313_452_s14.tif,3313/vhm_3313_452_s14.tif
3313/maxar_3313_251_s7.tif,3313/vhm_3313_251_s7.tif
3313/maxar_3313_343_s5.tif,3313/vhm_3313_343_s5.tif
3313/maxar_3313_261_s8.tif,3313/vhm_3313_261_s8.tif
3313/maxar_3313_353_s5.tif,3313/vhm_3313_353_s5.tif
3313/maxar_3313_364_s9.tif,3313/vhm_3313_364_s9.tif
3313/maxar_3313_414_s6.tif,3313/vhm_3313_414_s6.tif
3313/maxar_3313_241_s1.tif,3313/vhm_3313_241_s1.tif
3313/maxar_3313_433_s8.tif,3313/vhm_3313_433_s8.tif
3313/maxar_3313_342_s13.tif,3313/vhm_3313_342_s13.tif
3313/maxar_3313_114_s5.tif,3313/vhm_3313_114_s5.tif
3313/maxar_3313_313_s9.tif,3313/vhm_3313_313_s9.tif
3313/maxar_3313_222_s14.tif,3313/vhm_3313_222_s14.tif
3313/maxar_3313_453_s4.tif,3313/vhm_3313_453_s4.tif
3313/maxar_3313_422_s10.tif,3313/vhm_3313_422_s10.tif
3313/maxar_3313_452_s7.tif,3313/vhm_3313_452_s7.tif
3313/maxar_3313_313_s7.tif,3313/vhm_3313_313_s7.tif
3313/maxar_3313_313_s5.tif,3313/vhm_3313_313_s5.tif
3313/maxar_3313_154_s6.tif,3313/vhm_3313_154_s6.tif
3313/maxar_3313_112_s3.tif,3313/vhm_3313_112_s3.tif
3313/maxar_3313_441_s8.tif,3313/vhm_3313_441_s8.tif
3313/maxar_3313_214_s13.tif,3313/vhm_3313_214_s13.tif
3313/maxar_3313_131_s14.tif,3313/vhm_3313_131_s14.tif
3313/maxar_3313_323_s5.tif,3313/vhm_3313_323_s5.tif
3313/maxar_3313_341_s9.tif,3313/vhm_3313_341_s9.tif
3313/maxar_3313_123_s9.tif,3313/vhm_3313_123_s9.tif
3313/maxar_3313_243_s6.tif,3313/vhm_3313_243_s6.tif
3313/maxar_3313_433_s12.tif,3313/vhm_3313_433_s12.tif
3313/maxar_3313_233_s10.tif,3313/vhm_3313_233_s10.tif
3313/maxar_3313_364_s14.tif,3313/vhm_3313_364_s14.tif
3313/maxar_3313_434_s4.tif,3313/vhm_3313_434_s4.tif
3313/maxar_3313_142_s3.tif,3313/vhm_3313_142_s3.tif
3313/maxar_3313_163_s9.tif,3313/vhm_3313_163_s9.tif
3313/maxar_3313_242_s2.tif,3313/vhm_3313_242_s2.tif
3313/maxar_3313_363_s14.tif,3313/vhm_3313_363_s14.tif
3313/maxar_3313_241_s7.tif,3313/vhm_3313_241_s7.tif
3313/maxar_3313_423_s15.tif,3313/vhm_3313_423_s15.tif
3313/maxar_3313_263_s2.tif,3313/vhm_3313_263_s2.tif
3313/maxar_3313_143_s12.tif,3313/vhm_3313_143_s12.tif
3313/maxar_3313_333_s12.tif,3313/vhm_3313_333_s12.tif
3313/maxar_3313_252_s6.tif,3313/vhm_3313_252_s6.tif
3313/maxar_3313_453_s7.tif,3313/vhm_3313_453_s7.tif
3313/maxar_3313_151_s9.tif,3313/vhm_3313_151_s9.tif
3313/maxar_3313_341_s1.tif,3313/vhm_3313_341_s1.tif
3313/maxar_3313_252_s3.tif,3313/vhm_3313_252_s3.tif
3313/maxar_3313_442_s5.tif,3313/vhm_3313_442_s5.tif
3313/maxar_3313_141_s16.tif,3313/vhm_3313_141_s16.tif
3313/maxar_3313_433_s4.tif,3313/vhm_3313_433_s4.tif
3313/maxar_3313_444_s7.tif,3313/vhm_3313_444_s7.tif
3313/maxar_3313_323_s11.tif,3313/vhm_3313_323_s11.tif
3313/maxar_3313_231_s15.tif,3313/vhm_3313_231_s15.tif
3313/maxar_3313_121_s14.tif,3313/vhm_3313_121_s14.tif
3313/maxar_3313_351_s6.tif,3313/vhm_3313_351_s6.tif
3313/maxar_3313_241_s8.tif,3313/vhm_3313_241_s8.tif
3313/maxar_3313_211_s16.tif,3313/vhm_3313_211_s16.tif
3313/maxar_3313_331_s4.tif,3313/vhm_3313_331_s4.tif
3313/maxar_3313_222_s2.tif,3313/vhm_3313_222_s2.tif
3313/maxar_3313_363_s3.tif,3313/vhm_3313_363_s3.tif
3313/maxar_3313_213_s7.tif,3313/vhm_3313_213_s7.tif
3313/maxar_3313_431_s15.tif,3313/vhm_3313_431_s15.tif
3313/maxar_3313_244_s6.tif,3313/vhm_3313_244_s6.tif
3313/maxar_3313_264_s9.tif,3313/vhm_3313_264_s9.tif
3313/maxar_3313_264_s14.tif,3313/vhm_3313_264_s14.tif
3313/maxar_3313_254_s11.tif,3313/vhm_3313_254_s11.tif
3313/maxar_3313_112_s10.tif,3313/vhm_3313_112_s10.tif
3313/maxar_3313_142_s5.tif,3313/vhm_3313_142_s5.tif
3313/maxar_3313_333_s11.tif,3313/vhm_3313_333_s11.tif
3313/maxar_3313_364_s8.tif,3313/vhm_3313_364_s8.tif
3313/maxar_3313_243_s7.tif,3313/vhm_3313_243_s7.tif
3313/maxar_3313_352_s16.tif,3313/vhm_3313_352_s16.tif
3313/maxar_3313_441_s4.tif,3313/vhm_3313_441_s4.tif
3313/maxar_3313_362_s3.tif,3313/vhm_3313_362_s3.tif
3313/maxar_3313_253_s15.tif,3313/vhm_3313_253_s15.tif
3313/maxar_3313_442_s10.tif,3313/vhm_3313_442_s10.tif
3313/maxar_3313_113_s9.tif,3313/vhm_3313_113_s9.tif
3313/maxar_3313_132_s10.tif,3313/vhm_3313_132_s10.tif
3313/maxar_3313_134_s8.tif,3313/vhm_3313_134_s8.tif
3313/maxar_3313_363_s6.tif,3313/vhm_3313_363_s6.tif
3313/maxar_3313_122_s8.tif,3313/vhm_3313_122_s8.tif
3313/maxar_3313_364_s13.tif,3313/vhm_3313_364_s13.tif
3313/maxar_3313_452_s8.tif,3313/vhm_3313_452_s8.tif
3313/maxar_3313_442_s13.tif,3313/vhm_3313_442_s13.tif
3313/maxar_3313_314_s5.tif,3313/vhm_3313_314_s5.tif
3313/maxar_3313_343_s4.tif,3313/vhm_3313_343_s4.tif
3313/maxar_3313_323_s16.tif,3313/vhm_3313_323_s16.tif
3313/maxar_3313_242_s7.tif,3313/vhm_3313_242_s7.tif
3313/maxar_3313_241_s12.tif,3313/vhm_3313_241_s12.tif
3313/maxar_3313_253_s9.tif,3313/vhm_3313_253_s9.tif
3313/maxar_3313_311_s7.tif,3313/vhm_3313_311_s7.tif
3313/maxar_3313_463_s9.tif,3313/vhm_3313_463_s9.tif
3313/maxar_3313_123_s8.tif,3313/vhm_3313_123_s8.tif
3313/maxar_3313_441_s3.tif,3313/vhm_3313_441_s3.tif
3313/maxar_3313_443_s13.tif,3313/vhm_3313_443_s13.tif
3313/maxar_3313_314_s9.tif,3313/vhm_3313_314_s9.tif
3313/maxar_3313_113_s14.tif,3313/vhm_3313_113_s14.tif
3313/maxar_3313_322_s5.tif,3313/vhm_3313_322_s5.tif
3313/maxar_3313_232_s4.tif,3313/vhm_3313_232_s4.tif
3313/maxar_3313_443_s16.tif,3313/vhm_3313_443_s16.tif
3313/maxar_3313_162_s8.tif,3313/vhm_3313_162_s8.tif
3313/maxar_3313_122_s12.tif,3313/vhm_3313_122_s12.tif
3313/maxar_3313_431_s9.tif,3313/vhm_3313_431_s9.tif
3313/maxar_3313_161_s6.tif,3313/vhm_3313_161_s6.tif
3313/maxar_3313_334_s15.tif,3313/vhm_3313_334_s15.tif
3313/maxar_3313_152_s11.tif,3313/vhm_3313_152_s11.tif
3313/maxar_3313_262_s2.tif,3313/vhm_3313_262_s2.tif
3313/maxar_3313_142_s12.tif,3313/vhm_3313_142_s12.tif
3313/maxar_3313_232_s3.tif,3313/vhm_3313_232_s3.tif
3313/maxar_3313_152_s9.tif,3313/vhm_3313_152_s9.tif
3313/maxar_3313_122_s11.tif,3313/vhm_3313_122_s11.tif
3313/maxar_3313_223_s8.tif,3313/vhm_3313_223_s8.tif
3313/maxar_3313_334_s9.tif,3313/vhm_3313_334_s9.tif
3313/maxar_3313_232_s12.tif,3313/vhm_3313_232_s12.tif
3313/maxar_3313_312_s5.tif,3313/vhm_3313_312_s5.tif
3313/maxar_3313_153_s8.tif,3313/vhm_3313_153_s8.tif
3313/maxar_3313_364_s5.tif,3313/vhm_3313_364_s5.tif
3313/maxar_3313_154_s16.tif,3313/vhm_3313_154_s16.tif
3313/maxar_3313_451_s5.tif,3313/vhm_3313_451_s5.tif
3313/maxar_3313_113_s12.tif,3313/vhm_3313_113_s12.tif
3313/maxar_3313_234_s10.tif,3313/vhm_3313_234_s10.tif
3313/maxar_3313_163_s2.tif,3313/vhm_3313_163_s2.tif
3313/maxar_3313_354_s14.tif,3313/vhm_3313_354_s14.tif
3313/maxar_3313_263_s9.tif,3313/vhm_3313_263_s9.tif
3313/maxar_3313_314_s12.tif,3313/vhm_3313_314_s12.tif
3313/maxar_3313_441_s14.tif,3313/vhm_3313_441_s14.tif
3313/maxar_3313_433_s6.tif,3313/vhm_3313_433_s6.tif
3313/maxar_3313_224_s1.tif,3313/vhm_3313_224_s1.tif
3313/maxar_3313_343_s11.tif,3313/vhm_3313_343_s11.tif
3313/maxar_3313_261_s10.tif,3313/vhm_3313_261_s10.tif
3313/maxar_3313_143_s13.tif,3313/vhm_3313_143_s13.tif
3313/maxar_3313_363_s8.tif,3313/vhm_3313_363_s8.tif
3313/maxar_3313_443_s8.tif,3313/vhm_3313_443_s8.tif
3313/maxar_3313_421_s11.tif,3313/vhm_3313_421_s11.tif
3313/maxar_3313_263_s4.tif,3313/vhm_3313_263_s4.tif
3313/maxar_3313_234_s15.tif,3313/vhm_3313_234_s15.tif
3313/maxar_3313_251_s8.tif,3313/vhm_3313_251_s8.tif
3313/maxar_3313_432_s3.tif,3313/vhm_3313_432_s3.tif
3313/maxar_3313_344_s16.tif,3313/vhm_3313_344_s16.tif
3313/maxar_3313_461_s7.tif,3313/vhm_3313_461_s7.tif
3313/maxar_3313_361_s10.tif,3313/vhm_3313_361_s10.tif
3313/maxar_3313_143_s2.tif,3313/vhm_3313_143_s2.tif
3313/maxar_3313_121_s13.tif,3313/vhm_3313_121_s13.tif
3313/maxar_3313_421_s2.tif,3313/vhm_3313_421_s2.tif
3313/maxar_3313_344_s7.tif,3313/vhm_3313_344_s7.tif
3313/maxar_3313_212_s7.tif,3313/vhm_3313_212_s7.tif
3313/maxar_3313_141_s2.tif,3313/vhm_3313_141_s2.tif
3313/maxar_3313_413_s10.tif,3313/vhm_3313_413_s10.tif
3313/maxar_3313_364_s4.tif,3313/vhm_3313_364_s4.tif
3313/maxar_3313_344_s12.tif,3313/vhm_3313_344_s12.tif
3313/maxar_3313_433_s1.tif,3313/vhm_3313_433_s1.tif
3313/maxar_3313_463_s5.tif,3313/vhm_3313_463_s5.tif
3313/maxar_3313_314_s4.tif,3313/vhm_3313_314_s4.tif
3313/maxar_3313_433_s7.tif,3313/vhm_3313_433_s7.tif
3313/maxar_3313_163_s14.tif,3313/vhm_3313_163_s14.tif
3313/maxar_3313_141_s11.tif,3313/vhm_3313_141_s11.tif
3313/maxar_3313_253_s6.tif,3313/vhm_3313_253_s6.tif
3313/maxar_3313_344_s13.tif,3313/vhm_3313_344_s13.tif
3313/maxar_3313_254_s4.tif,3313/vhm_3313_254_s4.tif
3313/maxar_3313_333_s8.tif,3313/vhm_3313_333_s8.tif
3313/maxar_3313_164_s1.tif,3313/vhm_3313_164_s1.tif
3313/maxar_3313_231_s11.tif,3313/vhm_3313_231_s11.tif
3313/maxar_3313_332_s10.tif,3313/vhm_3313_332_s10.tif
3313/maxar_3313_162_s13.tif,3313/vhm_3313_162_s13.tif
3313/maxar_3313_413_s4.tif,3313/vhm_3313_413_s4.tif
3313/maxar_3313_242_s8.tif,3313/vhm_3313_242_s8.tif
3313/maxar_3313_363_s4.tif,3313/vhm_3313_363_s4.tif
3313/maxar_3313_133_s1.tif,3313/vhm_3313_133_s1.tif
3313/maxar_3313_124_s2.tif,3313/vhm_3313_124_s2.tif
3313/maxar_3313_354_s12.tif,3313/vhm_3313_354_s12.tif
3313/maxar_3313_343_s15.tif,3313/vhm_3313_343_s15.tif
3313/maxar_3313_453_s13.tif,3313/vhm_3313_453_s13.tif
3313/maxar_3313_124_s1.tif,3313/vhm_3313_124_s1.tif
3313/maxar_3313_354_s2.tif,3313/vhm_3313_354_s2.tif
3313/maxar_3313_344_s3.tif,3313/vhm_3313_344_s3.tif
3313/maxar_3313_234_s2.tif,3313/vhm_3313_234_s2.tif
3313/maxar_3313_242_s11.tif,3313/vhm_3313_242_s11.tif
3313/maxar_3313_352_s15.tif,3313/vhm_3313_352_s15.tif
3313/maxar_3313_221_s4.tif,3313/vhm_3313_221_s4.tif
3313/maxar_3313_214_s8.tif,3313/vhm_3313_214_s8.tif
3313/maxar_3313_242_s14.tif,3313/vhm_3313_242_s14.tif
3313/maxar_3313_343_s8.tif,3313/vhm_3313_343_s8.tif
3313/maxar_3313_362_s2.tif,3313/vhm_3313_362_s2.tif
3313/maxar_3313_231_s3.tif,3313/vhm_3313_231_s3.tif
3313/maxar_3313_212_s9.tif,3313/vhm_3313_212_s9.tif
3313/maxar_3313_243_s12.tif,3313/vhm_3313_243_s12.tif
3313/maxar_3313_234_s5.tif,3313/vhm_3313_234_s5.tif
3313/maxar_3313_431_s2.tif,3313/vhm_3313_431_s2.tif
3313/maxar_3313_443_s15.tif,3313/vhm_3313_443_s15.tif
3313/maxar_3313_224_s13.tif,3313/vhm_3313_224_s13.tif
3313/maxar_3313_453_s2.tif,3313/vhm_3313_453_s2.tif
3313/maxar_3313_323_s15.tif,3313/vhm_3313_323_s15.tif
3313/maxar_3313_442_s12.tif,3313/vhm_3313_442_s12.tif
3313/maxar_3313_312_s9.tif,3313/vhm_3313_312_s9.tif
3313/maxar_3313_252_s10.tif,3313/vhm_3313_252_s10.tif
3313/maxar_3313_362_s13.tif,3313/vhm_3313_362_s13.tif
3313/maxar_3313_264_s3.tif,3313/vhm_3313_264_s3.tif
3313/maxar_3313_432_s14.tif,3313/vhm_3313_432_s14.tif
3313/maxar_3313_214_s2.tif,3313/vhm_3313_214_s2.tif
3313/maxar_3313_333_s15.tif,3313/vhm_3313_333_s15.tif
3313/maxar_3313_351_s8.tif,3313/vhm_3313_351_s8.tif
3313/maxar_3313_442_s7.tif,3313/vhm_3313_442_s7.tif
3313/maxar_3313_364_s11.tif,3313/vhm_3313_364_s11.tif
3313/maxar_3313_451_s14.tif,3313/vhm_3313_451_s14.tif
3313/maxar_3313_362_s16.tif,3313/vhm_3313_362_s16.tif
3313/maxar_3313_324_s13.tif,3313/vhm_3313_324_s13.tif
3313/maxar_3313_123_s6.tif,3313/vhm_3313_123_s6.tif
3313/maxar_3313_314_s2.tif,3313/vhm_3313_314_s2.tif
3313/maxar_3313_221_s16.tif,3313/vhm_3313_221_s16.tif
3313/maxar_3313_134_s12.tif,3313/vhm_3313_134_s12.tif
3313/maxar_3313_221_s13.tif,3313/vhm_3313_221_s13.tif
3313/maxar_3313_141_s13.tif,3313/vhm_3313_141_s13.tif
3313/maxar_3313_432_s16.tif,3313/vhm_3313_432_s16.tif
3313/maxar_3313_112_s15.tif,3313/vhm_3313_112_s15.tif
3313/maxar_3313_262_s13.tif,3313/vhm_3313_262_s13.tif
3313/maxar_3313_332_s9.tif,3313/vhm_3313_332_s9.tif
3313/maxar_3313_131_s5.tif,3313/vhm_3313_131_s5.tif
3313/maxar_3313_361_s4.tif,3313/vhm_3313_361_s4.tif
3313/maxar_3313_444_s11.tif,3313/vhm_3313_444_s11.tif
3313/maxar_3313_114_s14.tif,3313/vhm_3313_114_s14.tif
3313/maxar_3313_143_s9.tif,3313/vhm_3313_143_s9.tif
3313/maxar_3313_351_s15.tif,3313/vhm_3313_351_s15.tif
3313/maxar_3313_342_s5.tif,3313/vhm_3313_342_s5.tif
3313/maxar_3313_451_s13.tif,3313/vhm_3313_451_s13.tif
3313/maxar_3313_464_s8.tif,3313/vhm_3313_464_s8.tif
3313/maxar_3313_111_s10.tif,3313/vhm_3313_111_s10.tif
3313/maxar_3313_411_s13.tif,3313/vhm_3313_411_s13.tif
3313/maxar_3313_163_s5.tif,3313/vhm_3313_163_s5.tif
3313/maxar_3313_343_s1.tif,3313/vhm_3313_343_s1.tif
3313/maxar_3313_314_s11.tif,3313/vhm_3313_314_s11.tif
3313/maxar_3313_154_s15.tif,3313/vhm_3313_154_s15.tif
3313/maxar_3313_231_s14.tif,3313/vhm_3313_231_s14.tif
3313/maxar_3313_342_s6.tif,3313/vhm_3313_342_s6.tif
3313/maxar_3313_444_s16.tif,3313/vhm_3313_444_s16.tif
3313/maxar_3313_443_s3.tif,3313/vhm_3313_443_s3.tif
3313/maxar_3313_214_s3.tif,3313/vhm_3313_214_s3.tif
3313/maxar_3313_412_s15.tif,3313/vhm_3313_412_s15.tif
3313/maxar_3313_353_s4.tif,3313/vhm_3313_353_s4.tif
3313/maxar_3313_424_s3.tif,3313/vhm_3313_424_s3.tif
3313/maxar_3313_452_s2.tif,3313/vhm_3313_452_s2.tif
3313/maxar_3313_223_s16.tif,3313/vhm_3313_223_s16.tif
3313/maxar_3313_351_s13.tif,3313/vhm_3313_351_s13.tif
3313/maxar_3313_254_s15.tif,3313/vhm_3313_254_s15.tif
3313/maxar_3313_411_s3.tif,3313/vhm_3313_411_s3.tif
3313/maxar_3313_323_s13.tif,3313/vhm_3313_323_s13.tif
3313/maxar_3313_422_s11.tif,3313/vhm_3313_422_s11.tif
3313/maxar_3313_324_s12.tif,3313/vhm_3313_324_s12.tif
3313/maxar_3313_121_s3.tif,3313/vhm_3313_121_s3.tif
3313/maxar_3313_152_s8.tif,3313/vhm_3313_152_s8.tif
3313/maxar_3313_262_s7.tif,3313/vhm_3313_262_s7.tif
3313/maxar_3313_334_s14.tif,3313/vhm_3313_334_s14.tif
3313/maxar_3313_251_s5.tif,3313/vhm_3313_251_s5.tif
3313/maxar_3313_323_s10.tif,3313/vhm_3313_323_s10.tif
3313/maxar_3313_114_s1.tif,3313/vhm_3313_114_s1.tif
3313/maxar_3313_251_s2.tif,3313/vhm_3313_251_s2.tif
3313/maxar_3313_222_s3.tif,3313/vhm_3313_222_s3.tif
3313/maxar_3313_321_s1.tif,3313/vhm_3313_321_s1.tif
3313/maxar_3313_223_s5.tif,3313/vhm_3313_223_s5.tif
3313/maxar_3313_152_s5.tif,3313/vhm_3313_152_s5.tif
3313/maxar_3313_354_s8.tif,3313/vhm_3313_354_s8.tif
3313/maxar_3313_462_s10.tif,3313/vhm_3313_462_s10.tif
3313/maxar_3313_261_s13.tif,3313/vhm_3313_261_s13.tif
3313/maxar_3313_311_s11.tif,3313/vhm_3313_311_s11.tif
3313/maxar_3313_422_s13.tif,3313/vhm_3313_422_s13.tif
3313/maxar_3313_141_s6.tif,3313/vhm_3313_141_s6.tif
3313/maxar_3313_153_s5.tif,3313/vhm_3313_153_s5.tif
3313/maxar_3313_451_s9.tif,3313/vhm_3313_451_s9.tif
3313/maxar_3313_213_s2.tif,3313/vhm_3313_213_s2.tif
3313/maxar_3313_323_s6.tif,3313/vhm_3313_323_s6.tif
3313/maxar_3313_122_s2.tif,3313/vhm_3313_122_s2.tif
3313/maxar_3313_344_s2.tif,3313/vhm_3313_344_s2.tif
3313/maxar_3313_231_s8.tif,3313/vhm_3313_231_s8.tif
3313/maxar_3313_241_s9.tif,3313/vhm_3313_241_s9.tif
3313/maxar_3313_332_s15.tif,3313/vhm_3313_332_s15.tif
3313/maxar_3313_334_s12.tif,3313/vhm_3313_334_s12.tif
3313/maxar_3313_324_s9.tif,3313/vhm_3313_324_s9.tif
3313/maxar_3313_221_s12.tif,3313/vhm_3313_221_s12.tif
3313/maxar_3313_353_s16.tif,3313/vhm_3313_353_s16.tif
3313/maxar_3313_464_s16.tif,3313/vhm_3313_464_s16.tif
3313/maxar_3313_363_s13.tif,3313/vhm_3313_363_s13.tif
3313/maxar_3313_252_s15.tif,3313/vhm_3313_252_s15.tif
3313/maxar_3313_162_s12.tif,3313/vhm_3313_162_s12.tif
3313/maxar_3313_152_s12.tif,3313/vhm_3313_152_s12.tif
3313/maxar_3313_144_s6.tif,3313/vhm_3313_144_s6.tif
3313/maxar_3313_132_s2.tif,3313/vhm_3313_132_s2.tif
3313/maxar_3313_411_s7.tif,3313/vhm_3313_411_s7.tif
3313/maxar_3313_213_s5.tif,3313/vhm_3313_213_s5.tif
3313/maxar_3313_454_s12.tif,3313/vhm_3313_454_s12.tif
3313/maxar_3313_414_s11.tif,3313/vhm_3313_414_s11.tif
3313/maxar_3313_424_s4.tif,3313/vhm_3313_424_s4.tif
3313/maxar_3313_254_s13.tif,3313/vhm_3313_254_s13.tif
3313/maxar_3313_462_s14.tif,3313/vhm_3313_462_s14.tif
3313/maxar_3313_211_s10.tif,3313/vhm_3313_211_s10.tif
3313/maxar_3313_211_s5.tif,3313/vhm_3313_211_s5.tif
3313/maxar_3313_151_s10.tif,3313/vhm_3313_151_s10.tif
3313/maxar_3313_354_s1.tif,3313/vhm_3313_354_s1.tif
3313/maxar_3313_233_s15.tif,3313/vhm_3313_233_s15.tif
3313/maxar_3313_242_s4.tif,3313/vhm_3313_242_s4.tif
3313/maxar_3313_464_s14.tif,3313/vhm_3313_464_s14.tif
3313/maxar_3313_231_s4.tif,3313/vhm_3313_231_s4.tif
3313/maxar_3313_132_s16.tif,3313/vhm_3313_132_s16.tif
3313/maxar_3313_162_s16.tif,3313/vhm_3313_162_s16.tif
3313/maxar_3313_164_s13.tif,3313/vhm_3313_164_s13.tif
3313/maxar_3313_463_s11.tif,3313/vhm_3313_463_s11.tif
3313/maxar_3313_264_s7.tif,3313/vhm_3313_264_s7.tif
3313/maxar_3313_213_s6.tif,3313/vhm_3313_213_s6.tif
3313/maxar_3313_323_s12.tif,3313/vhm_3313_323_s12.tif
3313/maxar_3313_264_s12.tif,3313/vhm_3313_264_s12.tif
3313/maxar_3313_352_s7.tif,3313/vhm_3313_352_s7.tif
3313/maxar_3313_251_s9.tif,3313/vhm_3313_251_s9.tif
3313/maxar_3313_444_s9.tif,3313/vhm_3313_444_s9.tif
3313/maxar_3313_114_s15.tif,3313/vhm_3313_114_s15.tif
3313/maxar_3313_212_s6.tif,3313/vhm_3313_212_s6.tif
3313/maxar_3313_263_s5.tif,3313/vhm_3313_263_s5.tif
3313/maxar_3313_453_s12.tif,3313/vhm_3313_453_s12.tif
3313/maxar_3313_211_s9.tif,3313/vhm_3313_211_s9.tif
3313/maxar_3313_161_s12.tif,3313/vhm_3313_161_s12.tif
3313/maxar_3313_313_s2.tif,3313/vhm_3313_313_s2.tif
3313/maxar_3313_441_s6.tif,3313/vhm_3313_441_s6.tif
3313/maxar_3313_264_s15.tif,3313/vhm_3313_264_s15.tif
3313/maxar_3313_334_s5.tif,3313/vhm_3313_334_s5.tif
3313/maxar_3313_434_s3.tif,3313/vhm_3313_434_s3.tif
3313/maxar_3313_241_s3.tif,3313/vhm_3313_241_s3.tif
3313/maxar_3313_332_s8.tif,3313/vhm_3313_332_s8.tif
3313/maxar_3313_311_s15.tif,3313/vhm_3313_311_s15.tif
3313/maxar_3313_343_s12.tif,3313/vhm_3313_343_s12.tif
3313/maxar_3313_113_s15.tif,3313/vhm_3313_113_s15.tif
3313/maxar_3313_231_s2.tif,3313/vhm_3313_231_s2.tif
3313/maxar_3313_223_s2.tif,3313/vhm_3313_223_s2.tif
3313/maxar_3313_154_s1.tif,3313/vhm_3313_154_s1.tif
3313/maxar_3313_464_s7.tif,3313/vhm_3313_464_s7.tif
3313/maxar_3313_412_s2.tif,3313/vhm_3313_412_s2.tif
3313/maxar_3313_422_s6.tif,3313/vhm_3313_422_s6.tif
3313/maxar_3313_324_s14.tif,3313/vhm_3313_324_s14.tif
3313/maxar_3313_252_s7.tif,3313/vhm_3313_252_s7.tif
3313/maxar_3313_144_s5.tif,3313/vhm_3313_144_s5.tif
3313/maxar_3313_414_s1.tif,3313/vhm_3313_414_s1.tif
3313/maxar_3313_423_s2.tif,3313/vhm_3313_423_s2.tif
3313/maxar_3313_254_s8.tif,3313/vhm_3313_254_s8.tif
3313/maxar_3313_112_s6.tif,3313/vhm_3313_112_s6.tif
3313/maxar_3313_263_s7.tif,3313/vhm_3313_263_s7.tif
3313/maxar_3313_123_s11.tif,3313/vhm_3313_123_s11.tif
3313/maxar_3313_251_s4.tif,3313/vhm_3313_251_s4.tif
3313/maxar_3313_224_s7.tif,3313/vhm_3313_224_s7.tif
3313/maxar_3313_364_s1.tif,3313/vhm_3313_364_s1.tif
3313/maxar_3313_321_s3.tif,3313/vhm_3313_321_s3.tif
3313/maxar_3313_141_s8.tif,3313/vhm_3313_141_s8.tif
3313/maxar_3313_233_s2.tif,3313/vhm_3313_233_s2.tif
3313/maxar_3313_241_s10.tif,3313/vhm_3313_241_s10.tif
3313/maxar_3313_131_s1.tif,3313/vhm_3313_131_s1.tif
3313/maxar_3313_342_s3.tif,3313/vhm_3313_342_s3.tif
3313/maxar_3313_143_s14.tif,3313/vhm_3313_143_s14.tif
3313/maxar_3313_453_s15.tif,3313/vhm_3313_453_s15.tif
3313/maxar_3313_221_s1.tif,3313/vhm_3313_221_s1.tif
3313/maxar_3313_462_s16.tif,3313/vhm_3313_462_s16.tif
3313/maxar_3313_212_s5.tif,3313/vhm_3313_212_s5.tif
3313/maxar_3313_332_s14.tif,3313/vhm_3313_332_s14.tif
3313/maxar_3313_453_s9.tif,3313/vhm_3313_453_s9.tif
3313/maxar_3313_152_s3.tif,3313/vhm_3313_152_s3.tif
3313/maxar_3313_163_s13.tif,3313/vhm_3313_163_s13.tif
3313/maxar_3313_141_s3.tif,3313/vhm_3313_141_s3.tif
3313/maxar_3313_443_s7.tif,3313/vhm_3313_443_s7.tif
3313/maxar_3313_122_s3.tif,3313/vhm_3313_122_s3.tif
3313/maxar_3313_343_s2.tif,3313/vhm_3313_343_s2.tif
3313/maxar_3313_111_s9.tif,3313/vhm_3313_111_s9.tif
3313/maxar_3313_423_s10.tif,3313/vhm_3313_423_s10.tif
3313/maxar_3313_313_s1.tif,3313/vhm_3313_313_s1.tif
3313/maxar_3313_362_s9.tif,3313/vhm_3313_362_s9.tif
3313/maxar_3313_354_s15.tif,3313/vhm_3313_354_s15.tif
3313/maxar_3313_424_s6.tif,3313/vhm_3313_424_s6.tif
3313/maxar_3313_314_s7.tif,3313/vhm_3313_314_s7.tif
3313/maxar_3313_432_s15.tif,3313/vhm_3313_432_s15.tif
3313/maxar_3313_164_s6.tif,3313/vhm_3313_164_s6.tif
3313/maxar_3313_262_s12.tif,3313/vhm_3313_262_s12.tif
3313/maxar_3313_243_s8.tif,3313/vhm_3313_243_s8.tif
3313/maxar_3313_413_s8.tif,3313/vhm_3313_413_s8.tif
3313/maxar_3313_461_s3.tif,3313/vhm_3313_461_s3.tif
3313/maxar_3313_444_s10.tif,3313/vhm_3313_444_s10.tif
3313/maxar_3313_444_s1.tif,3313/vhm_3313_444_s1.tif
3313/maxar_3313_244_s14.tif,3313/vhm_3313_244_s14.tif
3313/maxar_3313_244_s15.tif,3313/vhm_3313_244_s15.tif
3313/maxar_3313_162_s3.tif,3313/vhm_3313_162_s3.tif
3313/maxar_3313_254_s7.tif,3313/vhm_3313_254_s7.tif
3313/maxar_3313_343_s10.tif,3313/vhm_3313_343_s10.tif
3313/maxar_3313_341_s14.tif,3313/vhm_3313_341_s14.tif
3313/maxar_3313_432_s8.tif,3313/vhm_3313_432_s8.tif
3313/maxar_3313_121_s10.tif,3313/vhm_3313_121_s10.tif
3313/maxar_3313_411_s11.tif,3313/vhm_3313_411_s11.tif
3313/maxar_3313_164_s5.tif,3313/vhm_3313_164_s5.tif
3313/maxar_3313_431_s16.tif,3313/vhm_3313_431_s16.tif
3313/maxar_3313_233_s13.tif,3313/vhm_3313_233_s13.tif
3313/maxar_3313_252_s13.tif,3313/vhm_3313_252_s13.tif
3313/maxar_3313_144_s8.tif,3313/vhm_3313_144_s8.tif
3313/maxar_3313_333_s14.tif,3313/vhm_3313_333_s14.tif
3313/maxar_3313_224_s11.tif,3313/vhm_3313_224_s11.tif
3313/maxar_3313_432_s1.tif,3313/vhm_3313_432_s1.tif
3313/maxar_3313_344_s4.tif,3313/vhm_3313_344_s4.tif
3313/maxar_3313_242_s15.tif,3313/vhm_3313_242_s15.tif
3313/maxar_3313_262_s3.tif,3313/vhm_3313_262_s3.tif
3313/maxar_3313_411_s2.tif,3313/vhm_3313_411_s2.tif
3313/maxar_3313_434_s14.tif,3313/vhm_3313_434_s14.tif
3313/maxar_3313_351_s14.tif,3313/vhm_3313_351_s14.tif
3313/maxar_3313_424_s13.tif,3313/vhm_3313_424_s13.tif
3313/maxar_3313_413_s16.tif,3313/vhm_3313_413_s16.tif
3313/maxar_3313_342_s12.tif,3313/vhm_3313_342_s12.tif
3313/maxar_3313_244_s5.tif,3313/vhm_3313_244_s5.tif
3313/maxar_3313_163_s7.tif,3313/vhm_3313_163_s7.tif
3313/maxar_3313_314_s1.tif,3313/vhm_3313_314_s1.tif
3313/maxar_3313_221_s14.tif,3313/vhm_3313_221_s14.tif
3313/maxar_3313_344_s11.tif,3313/vhm_3313_344_s11.tif
3313/maxar_3313_311_s5.tif,3313/vhm_3313_311_s5.tif
3313/maxar_3313_254_s1.tif,3313/vhm_3313_254_s1.tif
3313/maxar_3313_232_s5.tif,3313/vhm_3313_232_s5.tif
3313/maxar_3313_461_s16.tif,3313/vhm_3313_461_s16.tif
3313/maxar_3313_352_s8.tif,3313/vhm_3313_352_s8.tif
3313/maxar_3313_264_s16.tif,3313/vhm_3313_264_s16.tif
3313/maxar_3313_442_s2.tif,3313/vhm_3313_442_s2.tif
3313/maxar_3313_251_s12.tif,3313/vhm_3313_251_s12.tif
3313/maxar_3313_414_s10.tif,3313/vhm_3313_414_s10.tif
3313/maxar_3313_121_s11.tif,3313/vhm_3313_121_s11.tif
3313/maxar_3313_161_s10.tif,3313/vhm_3313_161_s10.tif
3313/maxar_3313_463_s10.tif,3313/vhm_3313_463_s10.tif
3313/maxar_3313_244_s4.tif,3313/vhm_3313_244_s4.tif
3313/maxar_3313_231_s7.tif,3313/vhm_3313_231_s7.tif
3313/maxar_3313_342_s10.tif,3313/vhm_3313_342_s10.tif
3313/maxar_3313_123_s2.tif,3313/vhm_3313_123_s2.tif
3313/maxar_3313_342_s2.tif,3313/vhm_3313_342_s2.tif
3313/maxar_3313_142_s11.tif,3313/vhm_3313_142_s11.tif
3313/maxar_3313_463_s7.tif,3313/vhm_3313_463_s7.tif
3313/maxar_3313_124_s4.tif,3313/vhm_3313_124_s4.tif
3313/maxar_3313_242_s10.tif,3313/vhm_3313_242_s10.tif
3313/maxar_3313_451_s3.tif,3313/vhm_3313_451_s3.tif
3313/maxar_3313_253_s16.tif,3313/vhm_3313_253_s16.tif
3313/maxar_3313_264_s4.tif,3313/vhm_3313_264_s4.tif
3313/maxar_3313_333_s4.tif,3313/vhm_3313_333_s4.tif
3313/maxar_3313_111_s1.tif,3313/vhm_3313_111_s1.tif
3313/maxar_3313_464_s12.tif,3313/vhm_3313_464_s12.tif
3313/maxar_3313_351_s12.tif,3313/vhm_3313_351_s12.tif
3313/maxar_3313_451_s15.tif,3313/vhm_3313_451_s15.tif
3313/maxar_3313_443_s5.tif,3313/vhm_3313_443_s5.tif
3313/maxar_3313_153_s15.tif,3313/vhm_3313_153_s15.tif
3313/maxar_3313_212_s2.tif,3313/vhm_3313_212_s2.tif
3313/maxar_3313_424_s8.tif,3313/vhm_3313_424_s8.tif
3313/maxar_3313_352_s2.tif,3313/vhm_3313_352_s2.tif
3313/maxar_3313_244_s3.tif,3313/vhm_3313_244_s3.tif
3313/maxar_3313_343_s13.tif,3313/vhm_3313_343_s13.tif
3313/maxar_3313_123_s15.tif,3313/vhm_3313_123_s15.tif
3313/maxar_3313_331_s7.tif,3313/vhm_3313_331_s7.tif
3313/maxar_3313_263_s6.tif,3313/vhm_3313_263_s6.tif
3313/maxar_3313_354_s7.tif,3313/vhm_3313_354_s7.tif
3313/maxar_3313_141_s7.tif,3313/vhm_3313_141_s7.tif
3313/maxar_3313_433_s13.tif,3313/vhm_3313_433_s13.tif
3313/maxar_3313_214_s12.tif,3313/vhm_3313_214_s12.tif
3313/maxar_3313_463_s1.tif,3313/vhm_3313_463_s1.tif
3313/maxar_3313_122_s7.tif,3313/vhm_3313_122_s7.tif
3313/maxar_3313_363_s9.tif,3313/vhm_3313_363_s9.tif
3313/maxar_3313_112_s13.tif,3313/vhm_3313_112_s13.tif
3313/maxar_3313_423_s5.tif,3313/vhm_3313_423_s5.tif
3313/maxar_3313_351_s9.tif,3313/vhm_3313_351_s9.tif
3313/maxar_3313_242_s13.tif,3313/vhm_3313_242_s13.tif
3313/maxar_3313_233_s3.tif,3313/vhm_3313_233_s3.tif
3313/maxar_3313_161_s3.tif,3313/vhm_3313_161_s3.tif
3313/maxar_3313_154_s11.tif,3313/vhm_3313_154_s11.tif
3313/maxar_3313_321_s9.tif,3313/vhm_3313_321_s9.tif
3313/maxar_3313_264_s8.tif,3313/vhm_3313_264_s8.tif
3313/maxar_3313_164_s2.tif,3313/vhm_3313_164_s2.tif
3313/maxar_3313_212_s10.tif,3313/vhm_3313_212_s10.tif
3313/maxar_3313_153_s4.tif,3313/vhm_3313_153_s4.tif
3313/maxar_3313_441_s5.tif,3313/vhm_3313_441_s5.tif
3313/maxar_3313_424_s11.tif,3313/vhm_3313_424_s11.tif
3313/maxar_3313_163_s4.tif,3313/vhm_3313_163_s4.tif
3313/maxar_3313_144_s11.tif,3313/vhm_3313_144_s11.tif
3313/maxar_3313_232_s13.tif,3313/vhm_3313_232_s13.tif
3313/maxar_3313_464_s2.tif,3313/vhm_3313_464_s2.tif
3313/maxar_3313_213_s10.tif,3313/vhm_3313_213_s10.tif
3313/maxar_3313_114_s7.tif,3313/vhm_3313_114_s7.tif
3313/maxar_3313_424_s2.tif,3313/vhm_3313_424_s2.tif
3313/maxar_3313_213_s11.tif,3313/vhm_3313_213_s11.tif
3313/maxar_3313_213_s13.tif,3313/vhm_3313_213_s13.tif
3313/maxar_3313_312_s4.tif,3313/vhm_3313_312_s4.tif
3313/maxar_3313_442_s8.tif,3313/vhm_3313_442_s8.tif
3313/maxar_3313_234_s14.tif,3313/vhm_3313_234_s14.tif
3313/maxar_3313_242_s16.tif,3313/vhm_3313_242_s16.tif
3313/maxar_3313_422_s3.tif,3313/vhm_3313_422_s3.tif
3313/maxar_3313_454_s5.tif,3313/vhm_3313_454_s5.tif
3313/maxar_3313_333_s6.tif,3313/vhm_3313_333_s6.tif
3313/maxar_3313_162_s4.tif,3313/vhm_3313_162_s4.tif
3313/maxar_3313_321_s15.tif,3313/vhm_3313_321_s15.tif
3313/maxar_3313_413_s3.tif,3313/vhm_3313_413_s3.tif
3313/maxar_3313_312_s7.tif,3313/vhm_3313_312_s7.tif
3313/maxar_3313_123_s13.tif,3313/vhm_3313_123_s13.tif
3313/maxar_3313_434_s2.tif,3313/vhm_3313_434_s2.tif
3313/maxar_3313_224_s16.tif,3313/vhm_3313_224_s16.tif
3313/maxar_3313_441_s12.tif,3313/vhm_3313_441_s12.tif
3313/maxar_3313_163_s12.tif,3313/vhm_3313_163_s12.tif
3313/maxar_3313_314_s14.tif,3313/vhm_3313_314_s14.tif
3313/maxar_3313_464_s3.tif,3313/vhm_3313_464_s3.tif
3313/maxar_3313_332_s5.tif,3313/vhm_3313_332_s5.tif
